,model,prompt,generated_text
0,Sakonii/distilgpt2-nepali,स्कूलमा किशोरले ,"स्कूलमा किशोरले  प्रवेश पाएनन्, तर अब उनी नेपाल फर्केर नेपाल फर्किए । नेपालमा एक पटक उनको आमा र बच्चाको बारेमा सोधिएको प्रश्नको जवाफबाट उनले आफ्नो आमा र बच्चाको परिवार नै बुझ्न पाएको बताए । थन छु स्वाइ"
1,Sakonii/distilgpt2-nepali,स्कूलमा किशोरले ,स्कूलमा किशोरले  कक्षा ८ मा अध्ययन गरी सोही स्कुलमा कक्षा १५ सम्म भर्ना भइ अध्ययन गरेका छन् । उनीले यसअघि १२ कक्षा पास गरिसकेका छन् । विद्यालय भवन निर्माणका लागि उनको परिवारले आर्थिक सहयोग गरेका छन् उनी भन्छन्– ‘एक त कक्षा ८ सम्म मात्रै अध्ययन गरेकी
2,Sakonii/distilgpt2-nepali,स्कूलमा किशोरले ,स्कूलमा किशोरले  पढाइ छाडेर अन्यत्र गएपछि उनीहरूले पढाइ छाडिहाले । उनले कक्षा ८ मा पढ्ने एक जना छात्रालाई ट्युसन पढाउने जिम्मा पाए । “के छ त?” ऊ पनि बोलेकी थिइन् । प्रदेश १
3,Sakonii/distilgpt2-nepali,स्कूलमा किशोरले ,"स्कूलमा किशोरले  आफ्ना बच्चाको अवस्थाबारे जानकारी गराउने र आफ्नो शिशुको स्वास्थ्य समेत राम्रो हुने विश्वास गरिन्छ । ‘श्रीमती हुँदा पनि हस्तमैथुन गर्छु, कतै यो रोग त हैन,’ यो सामग्री शेयर गर्नुहोस् शेयर गर्ने"
4,Sakonii/distilgpt2-nepali,स्कूलमा किशोरले ,"स्कूलमा किशोरले  आफ्ना बालबालिकालाई विद्यालय पठाएका थिए । काठमाडौं – प्रधानमन्त्री केपी शर्मा ओलीले समृद्धिको अभियानमा सरकार जुटेको बताएका छन् । प्रधानमन्त्री ओलीलाई स्वागत गर्दै उनले विकासको गतिलाई अझै तीव्र पार्न सरकारले गति लिने विश्वास व्यक्त गरे । काठमाडौं, ३० माघ ।"
5,Sakonii/distilgpt2-nepali,स्कूलमा किशोरले ,स्कूलमा किशोरले  यस्तो गरेका हुन सक्छन्? ० चुनावका बेलासम्म मैले माओवादीप्रति गद्दारी गर्नुभएको हो र अहिले आएर पनि पार्टी नेतृत्वमाथि कुनै प्रश्न उठाउनुभएको छैन? ‘आजसम्म म यो
6,Sakonii/distilgpt2-nepali,स्कूलमा किशोरले ,स्कूलमा किशोरले  कक्षा सातदेखि पढ्दै आएको समयमा उनी भागेर गएपछि उनी भागेर स्कुल गएकी हो । त्यो बेला उनलाई स्कुल जाने बेला पक्राउ गरिएको थियो । शेयर गर्नुहोस् हाम्रो बारेमा अहिले पनि म मास्क लगाएर उभिन
7,Sakonii/distilgpt2-nepali,स्कूलमा किशोरले ,"स्कूलमा किशोरले  आफ्नो कक्षा पूरा गर्न नसक्ने भएकोले पढ्न नपाएको जिकिर गरे । त्यस्तै सांसद सरिता पोखरेलले राष्ट्रिय जनमोर्चा, नेमकिपा, नेपाल मजदुर किसान पार्टीका, विवेकशील पार्टीकोलगायतका दलको समर्थनले मात्र समाजवादी फोरम निर्वाचनमा सहभागी हुन सक्ने धारणा व्यक्त गरे । उनले नेमकिपा सरकारमा सहभागी"
8,Sakonii/distilgpt2-nepali,स्कूलमा किशोरले ,"स्कूलमा किशोरले  कक्षा ११ मा अध्ययन गरेका थिए । त्यही मौका छोपेर उनले त्यहाँ पनि अध्ययनमा नै विताए । जिल्ला प्रहरी कार्यालय बारा ‘राजस्व संकलनमा ५० लाख रकमको खर्च हुन्छ, कतिले त पैसा नै फिर्ता गरे’, अध्यक्ष"
9,Sakonii/distilgpt2-nepali,स्कूलमा किशोरले ,स्कूलमा किशोरले  एक पटक भर्ना लियो। कलेजका स्टाफ अधिकृतको आवेदनमा विद्यार्थीको भर्नालाई एकचोटि ल क्याम्पसमै पढ्न पाउने व्यवस्था मिलाइयो। प्लस टु पछि कलेजमा पनि धेरै विद्यार्थी भर्ना भए तर पछि कलेजले भर्नाको स्वीकृति पाएन। त्यो
10,Sakonii/distilgpt2-nepali,स्कूलमा किशोरले ,स्कूलमा किशोरले  बलात्कारको प्रतिकार गर्दा १५ वर्षीया बालिका बलात्कृत भएका छन् । बालिका चिच्याउँदै गर्दा बालिका चिच्याउँदै चिच्याउँदै चिच्याउँदै चिच्याए । बालिका चिच्याउँदा चिच्याउन लाग्दा चिच्याउन नसक्ने अवस्थामा थिए । आवाज सुनेर चिच्याउँदै उल्टै बालिका चिच्य
11,Sakonii/distilgpt2-nepali,स्कूलमा किशोरले ,"स्कूलमा किशोरले  आत्महत्या गरेको प्रहरीले जनाएको छ । तर यो पनि जापान, कोरिया, भियतनाम वा मेक्सिकोमा काठमाडौं। नेपाल कम्युनिष्ट पार्टी (नेकपा) अध्यक्ष पुष्पकमल दाहाल प्रचण्ड पछिल्लो... यी गीतले हसाउन, रुवा"
12,Sakonii/distilgpt2-nepali,स्कूलमा किशोरले ,स्कूलमा किशोरले  ‘डिभोर्स’ गरेका थिएनन् । जिल्ला सभापतिहरुको भेलामा महामन्त्री शशांक कोइरालाले पार्टीलाई अबको एक बर्ष भित्रमा महाधिवेशन सम्पन्न गर्नको लागि आफु प्रतिवद्ध रहने बताउनु भयो । हाम्रो बारे काठमाडौँ ।
13,Sakonii/distilgpt2-nepali,स्कूलमा किशोरले ,स्कूलमा किशोरले  ललाइफकाई जवरजस्ती गर्ने गरेको खुल्न आएको छ । नयाँ पुस्ता नेपाल प्रहरी आईजीपी खनाल आक्रमक! आँखामा पट्टि बाँधेका छौं की? कानमा तेल हाल्न... नेपाली पात्रो तपाईको
14,Sakonii/distilgpt2-nepali,स्कूलमा किशोरले ,"स्कूलमा किशोरले  यस्तो कक्षा दिन पाउँछन् । किनभने, उसले आफ्ना छोराछोरीको नाम र नम्बर पनि राख्न पाउँछ । किनभने, उसको नामसमेत स्कुलमै हुन्छ । ऊ आफ्नो थर पनि राख्ने । केटा साथीकै रूपमा विद्यालय जाने र पढाइ पूरा गर्ने ।"
15,Sakonii/distilgpt2-nepali,घरमा किशोरले ,घरमा किशोरले  घर छोडेदेखि नै छोरीहरुलाई पढाउने जिम्मेवारीमा छु भन्दै एक आपसमा प्रेम विवाह गरेकी रहिछन् । उनीहरुको पहिलो विवाह यही असार १३ गते भयो । त्यसपछि विवाहकै लागि आमाछोरी मण्डपमा आएका रहेछन् भने उनीहरुको दोश्रो विवाह यही असार
16,Sakonii/distilgpt2-nepali,घरमा किशोरले ,"घरमा किशोरले  भने, ‘एउटा घरमा म पनि छोरी हुँ र मलाई कुनै घर पनि छैन, मैले दुई चार वर्षको छोरा हुँदा पनि स्कुलमै छँदा बुबाले जे गर्छ भनेर दुःखेसो गर्नु भयो । ‘कोही भएर स्कुल आउनू भन्दा त म स्कुल नै"
17,Sakonii/distilgpt2-nepali,घरमा किशोरले ,घरमा किशोरले  यौन उत्तेजना बढाउन प्रयोग गरिने एन्टिवायोटिकका मात्रा बढी भएका कण्डमको अवशेष बारे अध्ययन अनुसन्धान गर्ने । सन् २०१४ मा जापानमा गरिएको एक अध्ययनबाट पत्ता लागेको हो भने सन् २०१५ मा चीनमा गरिएको एक अध्ययनले देखाएको छ । जापानमा गरिएको सर्वेक्षण
18,Sakonii/distilgpt2-nepali,घरमा किशोरले ,घरमा किशोरले  आफ्नी सानी बहिनीलाई समेत बलात्कार गरेका थिए । युवतीको एक युवकले आफूलाई बलात्कार गर्न लगाएको आरोप लगाएकी थिइन् । उनले आफ्ना पति र छोरालाई आफूले बलात्कार गर्न थालेको र त्यसपछि परिवारले नै त्यो आरोपको खण्डन गरेको बताइएको छ ।
19,Sakonii/distilgpt2-nepali,घरमा किशोरले ,घरमा किशोरले  किशोर तथा वयस्क दुवै उमेरभन्दा बालिकामाथि यौन हिंसा गर्ने गरेका छन् । प्रतिक्रिया दिनुहोस् – नेपाल राष्ट्रिय अपाङ्ग महासंघ नेपालले वि.सं. २०६८ श्रावण १५ गते काठमाण्डौमा आयोजना गरेको राष्ट्रिय अपाङ्ग महासंघका महासचिव डा.रामेश श्रेष्ठले वर्तमान समस्या पहिचान तथा
20,Sakonii/distilgpt2-nepali,घरमा किशोरले ,"घरमा किशोरले  आफ्नी श्रीमतीसँग मिलेर बलात्कार गरी हत्या गरेका थिए । पक्राउ पर्नेमा धनुषाको जनकपुरधाम उपमहानगरपालिका–१४ स्थित रहेको लालझेना गम्हरिया टोलका २९ वर्षीय रामजानकन, जानकी गाउँपालिका– ३ बस्ने ५५ वर्षीय रामतन मण्डल"
21,Sakonii/distilgpt2-nepali,घरमा किशोरले ,घरमा किशोरले  आफ्नो यौन जीवन साथीलाई नै बर्बाद गरेर राखे । पछि उनीहरुले केही वर्ष अगाडि सेक्स पार्टनर बनी । आफ्नो यौनजीवनलाई पनि सुखी बनाउन उनीहरु यौन खेलौनाहरुको प्रयोग गर्न हिच्किचाउँछन् । यो पोष्टलाई शेयर गर्नुहोस् Messenger
22,Sakonii/distilgpt2-nepali,घरमा किशोरले ,"घरमा किशोरले  मदिरा सेवन गर्दा उनीहरुमा एचआईभी संक्रमण भेटिएको थियो । - ""अब हामीले सोचेको भन्दा बढी नै राम्रो हो भन्ने महसुस गरिरहेका छाैं। किनकी एक बोतल पानीको बोतल हामीले दुई पटक मात्र भरेकाे छ भने अरु कुरा पछि पनि"
23,Sakonii/distilgpt2-nepali,घरमा किशोरले ,घरमा किशोरले  पनि आत्महत्या गर्न सक्छ । यस साता १ अर्ब १४ करोड ४३ लाख ८० हजार रुपैयाँको शेयर कारोबार भएको छ । क वर्गका कम्पनीको कारोबारको मापन गर्ने सेन्सेटिभ परिसूचक समेत २.६२ बिन्दुले घटेर १ हजार २२५
24,Sakonii/distilgpt2-nepali,घरमा किशोरले ,घरमा किशोरले  बलात्कार गर्ने प्रयास गरेका थिए तर पछि उनीहरुको शव प्रहरीले फेला पारेपछि उनलाई गाउँ निकाला गरिएको हो । उनले गत बर्ष पनि बलात्कार नभएको बताएकी थिइन् । यो प्रश्नको जवाफका लागि ‘डिभोर्स’ नै किन चाहियो?
25,Sakonii/distilgpt2-nepali,घरमा किशोरले ,"घरमा किशोरले  पहिलो पटक फोन गरेर भने – ‘मेरा हजुरबा, यो बच्चा एक्कासी कसरी ल्याउनुभयो? मैले बच्चाका लागी मात्रै घर जान दिनुभन्दा पहिला त घर पनि जान दिइसकेका थियौँ ।’ उनले भनिन्–‘ मैले छोरीलाई नै बच्चा जन्माएको हुँ"
26,Sakonii/distilgpt2-nepali,घरमा किशोरले ,"घरमा किशोरले  यौन सम्पर्क गर्न नमानेको भन्दै मुद्दा दर्ता भएको छ । Home » सामाजिक सुरक्षा संचालन गर्ने सम्वन्धि सूचना नेपालको ३६ जिल्लामा व्यवसायिक पुष्पखेती, ६१ प्रतिशतले भाडाको जग्गा प्रयोग गर्ने"
27,Sakonii/distilgpt2-nepali,घरमा किशोरले ,"घरमा किशोरले  विवाह गर्न पाउने ० प्रदेश सरकारले नै प्रदेशको लागि एउटा नमुना प्रदेश बनाउनुपर्छ । त्यसका लागि आफनो क्षेत्रलाई समेटेर बजेट आउँदैछ? Home » लेटाङ नगरपालिकाको न्यायिक समिति गठन, व्यवस्थापन गर्नु पर्ने आवश्यक निर्णय वडाहरु"
28,Sakonii/distilgpt2-nepali,घरमा किशोरले ,"घरमा किशोरले  पनि आत्महत्या गरेको प्रहरीको तथ्याङक छ । शेयर गर्ने बारे यो पोष्टलाई शेयर गर्नुहोस् Messenger यो पोष्टलाई शेयर गर्नुहोस् तपाईको प्रतिक्रिया दिनुहोस् जिल्ला अस्पताल,"
29,Sakonii/distilgpt2-nepali,घरमा किशोरले ,घरमा किशोरले  आफूलाई बलात्कार गरेकाले हत्या भएको किशोरीको परिवारलाई खबर गरिन् । किशोरीले आमालाई आफूभन्दा अघि नै गर्भवती हुने गरी कुटपिट गरेको भिडियो भाइरल भएपछि स्थानीयले प्रहरीलाई खबर गरेपछि प्रहरीले घटनास्थल पुर् यायो । यो सामग्री स्कीप गर्नुहोस्
30,Sakonii/distilgpt2-nepali,काममा किशोरले ,"काममा किशोरले  धेरै काम पाउँछन् । काठमाडौं, २३ मंसिर । सरकारले नेपाल आयल निगमले पेट्रोलियम पदार्थको मूल्य वृद्धि गरेको विरोधमा नेपाल आयल निगमले इन्धनको मूल्यबृद्धि गरेको छ। बुधबार राती १२ बजेदेखि लागू हुने गरी निगमले पेट्रोल, डिजल र खाना पकाउने"
31,Sakonii/distilgpt2-nepali,काममा किशोरले ,काममा किशोरले  कस्तो कदम चालेको बताए । काठमाडौं । काठमाडौंको ठमेलमा रहेको र हिमाली भेगका केही स्थानहरुमा छायांकन गरिएको फिल्म ‘चङ्गा चेट’को ट्रेलर रिलिज गरिएको छ । ट्रेलरमा चलचित्रका मुख्य कलाकारहरुको भुमिकालाई देखाइएको छ । निर्देशक रामबाबु
32,Sakonii/distilgpt2-nepali,काममा किशोरले ,काममा किशोरले  भने । रामा र कान्छीलाई लिएर आइन् । रामाको विवाह भएको तीन वर्षसम्म कसैले पनि सम्बन्ध स्विकारेनन् । नेपाल टेलिकमले ‘टेलिकम’ प्रयोग गर्ने यी हुन्
33,Sakonii/distilgpt2-nepali,काममा किशोरले ,"काममा किशोरले  आफ्ना बाबुआमालाई ‘आफूलाई के भन्न चाहनुहुन्छ?’ भनेर प्रश्न गरेका छन् । तर, यो प्रश्नमाथि यो प्रश्न सोधिएको छ । कुनै नयाँ पत्रिकाले छापेको एउटा समाचारबारे समाचार छाप्ने भन्दै गरेको छ, ‘काकाम नै हुँदैन ।’ कान्तिपुर"
34,Sakonii/distilgpt2-nepali,काममा किशोरले ,"काममा किशोरले  के गरे, जुन कुनै महिलाले होइन, समाजकै लागि घातक हुन्छन् भन्ने उदाहरण हो— किशोरको शारीरिक सम्बन्ध । शारीरिक सम्बन्धका आधारमा किशोरकै व्यवहारले समाज नै बदल्ने सम्भावना बढेको छ । तर, किशोरको व्यवहारले किशोरको मनोविज्ञान बिग्रनुमा"
35,Sakonii/distilgpt2-nepali,काममा किशोरले ,"काममा किशोरले  आफूविरुद्ध परेको उजुरीपछि प्रहरीमा उजुरी गरेका थिए। उनले भनिन्, ‘मैले प्रहरीसँग उजुरी माग गरेपछि निवेदन नै दर्ता गरेकी छैन ।’ सम्बन्धित शीर्षकहरु तपाईको प्रतिक्रिया आजको दिन के के-के गरे जीवनमा अफ्ठ"
36,Sakonii/distilgpt2-nepali,काममा किशोरले ,काममा किशोरले  कुनै समस्या झेल्नु पर्दैन? त्यसैले किशोरलाई राम्रो शिक्षा दिनका लागि मात्र नभएर अभिभावकको कर्तव्यसमेत निर्वाह गर्नु आवश्यक छ । युवा उमेरमा आफ्ना सन्तानलाई सुन्दर र शान्त वातावरणले भरिपूर्ण बनाउन आमाबाबुलाई राम्रो वातावरण आवश्यक छ । किशोर–किशोर
37,Sakonii/distilgpt2-nepali,काममा किशोरले ,"काममा किशोरले  गरेको एक अध्ययनले नेपाली युवामा हुने मानसिक स्वास्थ्य, कामुकताको तनाव, तनाव, मानसिक तनाव, मानसिक तनाव आदि लाई उजागर गरेको पाइएको छ । अध्ययन, अनुसन्धान प्रतिवेदनहरूमा नेपालका ७७ प्रतिशत युवा मानसिक तथा मानसिक समस्यामध्ये १५ प्रतिशत युवा"
38,Sakonii/distilgpt2-nepali,काममा किशोरले ,"काममा किशोरले  सँगै बसेका बेला काम गरे भने उनलाई पनि उनले काम गरेको देख्नेहरुले बताएका छन् । उनी भन्छन्, 'अब पनि उनीहरुसँग काम गर्ने वातावरण बन्छ ।' काठमाडौं, जेठ १७ – नेपाल विद्यार्थी संघले प्रधानमन्त्री केपी शर्मा ओलीले शिक्षा क्षेत्रको"
39,Sakonii/distilgpt2-nepali,काममा किशोरले ,काममा किशोरले  एउटा किताब र त्यसमा पढ्न पाइन्छ भन्ने आशा राख्थे । अहिले उनले आफ्नै ‘ट्वान्टी अफ इण्ड्री’ पुस्तक पनि पढ्न भ्याएका छन् । एउटा कविताका लेखक रामबाबु गुरुङको किताब । ← slider
40,Sakonii/distilgpt2-nepali,काममा किशोरले ,काममा किशोरले  गर्ने गरेको कामको मुल्याङ्कन हुन्छ। यो कुनै राम्रो काम गर्नु हुँदैन। यसले काम गर्दैन। बरु यसलाई निरन्तर काम गर्न सके राम्रो हुन्छ। अब हरेक वर्ष हुने मेला यही मंसिर ६ गते सोमबार बिहान ८ बजेबाट ११:३० बजे काठमाडौंमा हुने
41,Sakonii/distilgpt2-nepali,काममा किशोरले ,"काममा किशोरले  धेरै कुरा सिक्ने मौका पाउँछन् । सरकारले यस विषयमा गम्भीर नभएको र यो सरकार असफल भएको बताउँदै आएको छ। ← एक वर्षमै १० अर्ब नाफा, ८ महिनामा २८ अर्ब कमाई ""https://ne.wikiped"
42,Sakonii/distilgpt2-nepali,काममा किशोरले ,"काममा किशोरले  सहयोग गरिदिएका छन् । Nagarik News - क–कसले पाए शेयर –महिला खबर– ललितपुर । ललितपुर महानगरपालिका– २, सानेपा नेपाली कांग्रेसले राष्ट्रियसभा गठनबारे राष्ट्रपति रामवरण यादवले प्रधानमन्त्री देउवालाई गरेको"
43,Sakonii/distilgpt2-nepali,काममा किशोरले ,"काममा किशोरले  बढी रुचाउँछन् । यो कामका लागि किशोरले समय मिलाउनुपर्ने हुन्छ । नेपालको संविधान तर यस विषयमा सरकार भने संवेदनशील हुन सकेको छैन । भिडियो ग्यालरी नेपाल रेडक्रस सोसाइटी मोरङका सभापति श्यामकृष्ण श्रेष्ठ,"
44,Sakonii/distilgpt2-nepali,काममा किशोरले ,"काममा किशोरले  पनि सहभागिता जनाएका थिए। नेपालीमा अनुवाद गर्नुहोस् आज प्रकाश दाहालको स्मृति दिवस, कस्ता थिए उनी..के-के गरे जीवनमा..( नजिकबाट चिनौ ) ""https://ne"
45,Sakonii/distilgpt2-nepali,पार्टीमा किशोरले ,पार्टीमा किशोरले  एउटा कुरा भने नि! नेपालमा बसेर केहि गर्ने हाम्रो चाहना र तपाईं हरुको होउसलाले हामी लाई अगाडी बद्न सहयोग गर्नेछ । धन्यवाद!! 'लभ स्टेशन'मा 'चर्चबार'को '
46,Sakonii/distilgpt2-nepali,पार्टीमा किशोरले ,पार्टीमा किशोरले  आत्महत्या गरेको अनुसन्धानबाट खुलेको छ । नेपालको शान्ति प्रक्रिया विश्वकै लागि स्मरणीयः सभामुख महरा काठमाडौं । प्रधानमन्त्री पुष्पकमल दाहाल‘प्रचण्ड’ले आज देशवासीका नाममा सम्बोधन गर्दै स्थानीय तहलाई देश 
47,Sakonii/distilgpt2-nepali,पार्टीमा किशोरले ,पार्टीमा किशोरले  यौनकर्मीलाई पैसा दिने गरेको रहस्य खुलासा गरेका छन । नेपालको संविधानको धारा २९२ मा राष्ट्रिय दलको मान्यता प्राप्त वा प्रादेशिक सभा सदस्य पदमध्ये जुन दलको मात्र राष्ट्रिय दलको मान्यता हुने उल्लेख छ । यैटरिना
48,Sakonii/distilgpt2-nepali,पार्टीमा किशोरले ,पार्टीमा किशोरले  गरेको विरोधलाई निकै महत्वका साथ हेरिएको छ । नेपाली भाषाका ब्लगहरू सूचना विभाग दर्ता नं. ८८६-०७५/७६ -कस्तो लाग्छ? यी कुरा गर्दा म आफैं पनि भावुक हुन्छु । तर म
49,Sakonii/distilgpt2-nepali,पार्टीमा किशोरले ,पार्टीमा किशोरले  पनि चुनाव जित्ने सम्भावना कायमै रहेको छ । विज्ञापनको लागि नेपाल राष्ट्र बैंकले बुधबार तोकेको विनिमय दर यी हुन् बलिउडमा सबैभन्दा धनी हिरोइन के तपाई कम्प्युटरमा नेपाली बाटै लेख्न
50,Sakonii/distilgpt2-nepali,पार्टीमा किशोरले ,"पार्टीमा किशोरले  विवाह प्रस्ताव राखेका बताइएको छ । “आर्ट मुकाज बुक""को सार्वजनिक _ suryakhabar.com नेपाल स्टक एक्सचेन्ज (नेप्से)मा आज पनि १० खर्ब भन्दा बढीको कारोबार भएको छ । साताभरीमा १ खर्ब ९"
51,Sakonii/distilgpt2-nepali,पार्टीमा किशोरले ,"पार्टीमा किशोरले  पनि केही समययता सामाजिक संजालमा पोष्ट भएको भिडियो आफ्नो फेसबुक वालमा पोस्ट गरेका थिए,... यस IP को बारेमा वार्तालाप गर्ने Next articleसंघीय संसदमा दर्ता भएको विधेयक पारित Home -"
52,Sakonii/distilgpt2-nepali,पार्टीमा किशोरले ,पार्टीमा किशोरले  यसरी गरे मतदान (फोटोफिचर) _ बिगुल न्यूज लेस्टर प्लानेटेरियमका कार्यकारी निर्देशकका अनुसार अमेरिकामा अहिलेसम्मकै सबैभन्दा धेरै मानिस अमेरिका आउने अनुमान गरिएको छ । आजको राशिफल / वि.सं. २०७४ फाल्गुन २७ गते
53,Sakonii/distilgpt2-nepali,पार्टीमा किशोरले ,"पार्टीमा किशोरले  आफ्नै छोरासँग बिहे गर्ने भएपछि... प्रतिकृया दिनुहोस् अब स्थानीय तहमा बैंक खोल्ने तयारी, कुन ठाउँमा कुन बैंकको शाखा खोल्न पाइन्छ? ""https://ne.wikipedia.org/w/"
54,Sakonii/distilgpt2-nepali,पार्टीमा किशोरले ,"पार्टीमा किशोरले  आफ्नो जीवनमा के गर्ने भन्ने कुरा थाहा नभएको बताएका छन् । उनले आफ्नो बाल्यकालको संस्मरण लेख्ने र बोल्ने क्रममा उनले आफूलाई कुन कुराको भोक लागेको हो भन्ने बताएका छन् । उनले दुई दशकदेखि नेपाली साहित्यमा समेत उत्तिकै कलम चलाउन थाले, लेखन"
55,Sakonii/distilgpt2-nepali,पार्टीमा किशोरले ,पार्टीमा किशोरले  पार्टीमा कुनै नयाँ बहस चलाउन सकेनन् । उनले सिधै केन्द्रीय समिति बैठकमा भाग लिन पाएनन् । एक वर्ष पहिलाको केन्द्रीय समिति बैठकमा भने पार्टी सभापति एवं प्रधानमन्त्री केपी ओलीको अनुपस्थितिलाई लिएर विवाद भइरहेको थियो । उनको अनुपस्थितिलाई लिएर संस्थापन पक्षले नयाँ
56,Sakonii/distilgpt2-nepali,पार्टीमा किशोरले ,"पार्टीमा किशोरले  आफ्नो यौन जीवन नै अन्त्य गर्न सक्छन् । प्रदेश ४ लाई प्राथमिकता दिनुपर्छ : मुख्यमन्त्री गुरुङ तपाईको ईमेल गोप्य राखिनेछ नेपालमा संघीयता कार्यान्वयनको जगमा धेरै पहिले देखि नै विभिन्न कानुनहरु बनेका छन्, जसले संघीयतालाई सफल"
57,Sakonii/distilgpt2-nepali,पार्टीमा किशोरले ,"पार्टीमा किशोरले  भाग लिन नपाउने (सुचना र संगितको ध्वनि छर्दै, शुक्लागण्डकीको विकासमा भने) साथ दिएनन् नेपाली साहित्यमा डायास्पोराको भूमिका विषयक अर्न्तरक्रिया तथा पुरस्कार वितरण समारोह २०६८ को भिडियो काठमाडौं । निर्वाचन"
58,Sakonii/distilgpt2-nepali,पार्टीमा किशोरले ,"पार्टीमा किशोरले  आफ्नो साथीलाई पनि भेट गराउने काम गरेका छन् । म एउटा सिपाहीको छोरो हुँ, देशलाई अगाडि बढाउँ । मलाई अहिले पनि मन पर्दैन । मेरो मनले मलाई माया गर्छ । हाम्रो बारेमा काठमाडौं, असोज ५"
59,Sakonii/distilgpt2-nepali,पार्टीमा किशोरले ,"पार्टीमा किशोरले  नै प्रशिक्षण र भेटघाट गर्न सक्ने भएको छ। उनले भने, 'पहिलो चरणमा स्थानीय तहबाट पनि केही तालिम र कार्यक्रम लिएरै आएका छन्।' स्थानीय तहमा पनि विभिन्न कार्यक्रमका लागि युवा स्वयंसेवक परिचालन गर्नुपर्ने उनको सुझाव छ। ‘महिलाले सम्पत्ति पाउने उमेरको"
60,Sakonii/distilgpt2-nepali,अनलाइनहुँदा किशोरले ,अनलाइनहुँदा किशोरले  इमेलमार्फत आफ्ना भावनाहरूको पूर्ण उपयोग गर्न सक्नुहुन्छ । (हेर्नोस् भिडियो ) नेपाल प्रहरी सन् २०१७ को मार्च महिनामा दक्षिण कोरियामा ६.१ म्याग्निच्युडको भूकम्प जाँदा ७.३ म्याग्निच्युडको गएको
61,Sakonii/distilgpt2-nepali,अनलाइनहुँदा किशोरले ,अनलाइनहुँदा किशोरले  एक पटक हेर्नै पर्ने चलचित्र नेपालको संविधान २०७२ मा भाग १५ धारा ३ उपधारा एक महिनादेखि सिंहदरबार गएका छैनन् प्रधानमन्त्री ओली नयाँ दिल्ली । भारतीय प्रधानमन्त्री नरेन्द्र मोदी आगामी शुक्रबार भारतको तीन दिने राजकीय भ्रमणमा आउँदैछन्
62,Sakonii/distilgpt2-nepali,अनलाइनहुँदा किशोरले ,अनलाइनहुँदा किशोरले  कुन काम मन पराएको छ भन्ने कुरो समेत थाहा पाउन सकेका छैनन् । तपाईको प्रतिक्रिया आज बिहान ३:०० बजे राष्ट्रपति भण्डारीले त्रिभुवन विश्वविद्यालमा दीक्षान्त समारोहमा दीक्षित हुने खबर प्राप्त भएको थियो। आजै राष्ट्रपति भवन शीतलनिवासमै
63,Sakonii/distilgpt2-nepali,अनलाइनहुँदा किशोरले ,अनलाइनहुँदा किशोरले  नै ‘हावा फुकेन’को गीत गाएपछि मेरो मनमा चिसो पसेको थियो । आफ्नो गीतका कारण नै मेरो मनलाई खिन्न भएको थियो । थन छु स्वाइ प्रतिक्रिया दिनुहोस् 
64,Sakonii/distilgpt2-nepali,अनलाइनहुँदा किशोरले ,"अनलाइनहुँदा किशोरले  आफ्नो उमेरलाई स्वाभाविक आकार दिन थालेका थिए। तर, अब त्यो परिवर्तनसँगै नेपालीको जीवन नै फेरिने छ । आफ्नो करियरको दौडमा विदेशीनु भन्दा धेरै बढी नेपालीको लागि प्रेरणा हुने विश्वास गरिन्छ । नेपालमा बढ्दो श्रम शक्तिको सही प्रभावले"
65,Sakonii/distilgpt2-nepali,अनलाइनहुँदा किशोरले ,"अनलाइनहुँदा किशोरले  कुन-कुन काम गर्छन् भन्ने थाहा पाउन आवश्यक हुन्छ । यसको अर्थ किशोरहरूले कुन-कुन काम गर्छन् भन्ने कुरा पत्ता लगाउन सक्छ । 'निजामती कर्मचारी काम नगर्ने लम्पटहरुको जमात हो' """
66,Sakonii/distilgpt2-nepali,अनलाइनहुँदा किशोरले ,अनलाइनहुँदा किशोरले  मात्र पढ्न सक्छन्। नेपाली पात्रो शेयर गर्नुहोस् Home » Bidding » Photo Gallary » भरतपुरको मतपत्र च्यातिएपछि भरतपुरको मतगणना स्थगित यो पोष्टलाई शेयर गर्नुहोस्
67,Sakonii/distilgpt2-nepali,अनलाइनहुँदा किशोरले ,"अनलाइनहुँदा किशोरले  केही दिनअघि डिलिट गरेका थिए,'उनले भने। तर त्यो बेला भिडियो ग्यालरी © २०१७ नेपलिज _ सर्वाधिकार सुरक्षित हाम्रोबारेमा यी"
68,Sakonii/distilgpt2-nepali,अनलाइनहुँदा किशोरले ,"अनलाइनहुँदा किशोरले  सहज रुपले बुझ्न नसक्दा उनीहरु यौन व्यवसायबाट विस्थापित हुन पुगेको हो । उनीहरुले यौन व्यवसायमा संलग्न हुने युवाहरुलाई संगठित गर्दै यौनजन्य अपराध, अपहरण तथा यौनशोषण बिरुद्ध अभियानमा योगदान दिनुका साथै आवश्यक संरक्षण दिनसमेत सहयोग पु¥याउनाका साथै हिंसा र विकृति"
69,Sakonii/distilgpt2-nepali,अनलाइनहुँदा किशोरले ,"अनलाइनहुँदा किशोरले  केही पनि लेख्न नसक्ने बताए । “आजको खेल र खेलपछिको तयारीका बारेमा केही जानकारी हुनेभएपछि यहाँ टोली आउने जानकारी आएको छ, ल ।” सन् २०१६ मा चीनको सान्या सहरमा सम्पन्न विश्वकै सबैभन्दा ठूलो"
70,Sakonii/distilgpt2-nepali,अनलाइनहुँदा किशोरले ,"अनलाइनहुँदा किशोरले  पढ्नै पर्ने यी तथ्यहरु पढेर शेयर गर्नुस, Artha Sansar बन्द गर्न नभुल्नुहोला ।। (यो बि.सं. २०७४ मा नयाँ संविधानको कार्यान्वयनको कठीन खुडकिलो मानिएको तीन तहको निर्वाचन सम्पन्न गरेर समृद्द नेपालको सपना साकार पार्ने"
71,Sakonii/distilgpt2-nepali,अनलाइनहुँदा किशोरले ,अनलाइनहुँदा किशोरले  के लेखे होलान् भनेर हामीले आफ्नो यौन साथीको लिंगको आकार निर्धारण गरेका छौं । -सपनासंसार ] उमेर पुगेका हरेक व्यक्तिलाई यौनको चाहाना हुनु स्वाभाविक नै मानिन्छ तर यदि कोहि महिला वा पुरुषलाई यौन चाहानामा गडबढी हुनु पनि सामान्य
72,Sakonii/distilgpt2-nepali,अनलाइनहुँदा किशोरले ,अनलाइनहुँदा किशोरले  आफ्नै घर र घरमा के के गरौं भन्ने सोच्नै नसक्ने भयो । यो पोष्टलाई शेयर गर्नुहोस् फेसबुक नेपाली काँग्रेस केन्द्रीय सदस्य तथा सांसद खुमबहादुर खड्कालगायत अन्य विभिन्न नेताहरूसँग समसामयिक राजनीतिक विषयमा छलफल गर्न गएका हुन् ।
73,Sakonii/distilgpt2-nepali,अनलाइनहुँदा किशोरले ,"अनलाइनहुँदा किशोरले  कुनै पनि खबर बुझ्न, पढ्न, लेख्न, बोल्न, गर्न, हिड्डुल गर्न तथा अन्य सूचना राख्न सक्दछन । उक्त पोर्टल एक अनलाईनका अनुसार विश्वभरिनै अनलाइन समाचार संकलन तथा बिक्रीका कार्यमा संलग्न हुनेहरूको संख्या करिब साढे दुई"
74,Sakonii/distilgpt2-nepali,अनलाइनहुँदा किशोरले ,"अनलाइनहुँदा किशोरले  मात्र प्रयोग गर्छन् भनेर देखाउने गरेको पाइएको छ । तर, कतिपयमा फेसबुकलाई नै फेसबुकको लत लागेको हुनसक्ने फेसबुकले जनाएको छ । हाम्रो बारे हाम्रो बारेमा शेयर गर्ने बारे"
75,Sakonii/distilgpt2-nepali,किशोरले काम गर्छ किनभने उसलाई ,किशोरले काम गर्छ किनभने उसलाई  आफ्नो कामको लागि एक विशाल सेटिंगको समय चाहिन्छ। तपाईंले ग्राफिक्सहरूलाई कसरी हेर्न र यसको लागि धेरै ध्यान दिनु आवश्यक पर्छ जुन तपाईंले पहिले नै सिक्न सक्नुहुन्छ। राष्ट्रिय समाचार काठमाडौं – नेपाली कांग्रेसले आफ्ना
76,Sakonii/distilgpt2-nepali,किशोरले काम गर्छ किनभने उसलाई ,किशोरले काम गर्छ किनभने उसलाई  उसको घर अथवा समाजसँगको सम्बन्ध मनपर्छ । ऊ पनि एक्लै । आफ्नो परिवारसँगको सम्बन्धलाई मन पर्ने खाना तथा जीवनसँग गाँसिएर उसको इच्छा पूरा गर्न चाहन्छ । मेरो घरमा आउनु भन्दा अगाडि नै आफ्नो घरमा ल्याउनु
77,Sakonii/distilgpt2-nepali,किशोरले काम गर्छ किनभने उसलाई ,किशोरले काम गर्छ किनभने उसलाई  यौन खेलौनाको रूपमा मात्र लिइन्छ भन्ने लाग्छ । यस्तो बेला यौन खेलौनाको आवाजलाई दबाउनुहोस् या सुन्नुहोस् भने तपाईंका लागि छुट्टै हुन सक्छ । एउटा वयस्क पुरुषले यौन खेलौनाको आवाज दबाउनुभन्दा पहिले कुनै कुरामा ध्यान दिनुपर्ने
78,Sakonii/distilgpt2-nepali,किशोरले काम गर्छ किनभने उसलाई ,"किशोरले काम गर्छ किनभने उसलाई  थाहा छैन कि कुनै मान्छे धेरै गम्भीर छैन । उसले भनेको थियो— तपाईंका साथ काम गर्छ तर हामी आफ्नो साथी होइनौं । यदि उसको जीवनमा ऊ सधैंभरि एउटै प्रकारको मानिस हो भने मानिस उसको साथी हुन, त्यो व्यक्तिसँग"
79,Sakonii/distilgpt2-nepali,किशोरले काम गर्छ किनभने उसलाई ,"किशोरले काम गर्छ किनभने उसलाई  अरूले भन्दा अझ बढी माया गर्छ । किनकि, उसलाई माया गरी माया गर्छे वा गर्नलाई गर्छे । उसलाई मन पराउनेहरू वा उसलाई विश्वास गर्ने कोही पनि छैन, ऊ नै छैन । यस कारण पनि डा.के"
80,Sakonii/distilgpt2-nepali,किशोरले काम गर्छ किनभने उसलाई ,किशोरले काम गर्छ किनभने उसलाई  जिन्दगी बिताउन दिनु थियो भने उसले धेरै धन खर्च गरिरहेको थियो । यो पोष्टलाई शेयर गर्नुहोस् ट्वीटर ‘गाउँ–शहर जगाउने हाम्रो अभियान’ ययातिले मात्र होइन धेरैले यो
81,Sakonii/distilgpt2-nepali,किशोरले काम गर्छ किनभने उसलाई ,"किशोरले काम गर्छ किनभने उसलाई  परमेश्वरको वचनसित मिली बलियो हुन र आफ्नो बुद्धिमा वृद्धि गर्न मद्दत मिल्छ। (भज. २२:१७) काठमाडौँ, भदौ ४ गते । स्थानीय निर्वाचनमा महिलाको सहभागिता उत्साहजनक देखिएको छ । स्थानीय तहको निर्वाचनमा ८०"
82,Sakonii/distilgpt2-nepali,किशोरले काम गर्छ किनभने उसलाई ,किशोरले काम गर्छ किनभने उसलाई  आफ्नो इच्छाअनुसार काम गर्न दिनुपर्छ । आफ्नो शरीरलाई पर्याप्त आरामसँग राख्न दिनुपर्छ । किनभने आरामसँग कुनै पनि खानेकुरालाई नखाइकन पनि खानालाई सन्तुलित खानेकुराले राम्रो मानिन्छ । विज्ञापनका लागि
83,Sakonii/distilgpt2-nepali,किशोरले काम गर्छ किनभने उसलाई ,किशोरले काम गर्छ किनभने उसलाई  उसको काम धेरै राम्रो हुने छ । काठमाडौं । गत असोजमा मात्र काठमाडौं उपत्यकाका आठ स्थानमा सडक विस्तार गरी ५१... नेपाल उद्योग परिसंघद्वारा बुधबार आयोजित पत्रकार सम्मेलनमा नेपाल उद्योग परिसंघका अध्यक्ष हरिभक्त शर्माले
84,Sakonii/distilgpt2-nepali,किशोरले काम गर्छ किनभने उसलाई ,"किशोरले काम गर्छ किनभने उसलाई  मन पर्दैन । हामी सबै कुरा भन्न सक्छौं ।’ ‘उहाँहरुको कुरा सुनेर मलाई चिन्ता थियो’ थापाले भने, ‘उहाँहरुले मलाई भने–हामीहरु सबैले यो सत्य हो भन्ने जान्नुपर्छ नि ।’ तर, मैले उहाँलाई यति माया"
85,Sakonii/distilgpt2-nepali,किशोरले काम गर्छ किनभने उसलाई ,"किशोरले काम गर्छ किनभने उसलाई  एक व्यक्ति अर्को कुनै पनि काम गर्न पनि मन लाग्छ । त्यसैले जब उनीहरु सफल हुन्छन्, त्यसपछि उनीहरुले आफ्नो कामको लागि कति समय लिन्छ अनि राम्रो अनुभव गर्छन् । हाम्रो बारेमा एक सय २० दिनको कुरा हो । म"
86,Sakonii/distilgpt2-nepali,किशोरले काम गर्छ किनभने उसलाई ,"किशोरले काम गर्छ किनभने उसलाई  समय धेरै हुन्छ। कामको प्रकृति, समय, कार्यकुशलता, उमेर तथा वातावरण, आफ्नो व्यक्तित्वअनुसारको निर्णय वा मूल्यांकन गर्नु आवश्यक हुन्छ। नयाँबानेश्वर – १०, काठमाण्डौ काठमाडौं — प्रतिनिधिसभा निर्वाचन क्षेत्र निर्धारण"
87,Sakonii/distilgpt2-nepali,किशोरले काम गर्छ किनभने उसलाई ,किशोरले काम गर्छ किनभने उसलाई  आफ्नो काम ले मात्र ज्यादा विश्वास गर्छ. काठमाडौं । प्रधानमन्त्री केपी शर्मा ओली चीनको राज्य परिषद्का प्रधानमन्त्री का च... विज्ञापनका लागि म एक गरिब विद्यार्थी हुँ। म विगत ५
88,Sakonii/distilgpt2-nepali,किशोरले काम गर्छ किनभने उसलाई ,"किशोरले काम गर्छ किनभने उसलाई  त्यति सजिलो छैन, जस्तो सुकै दिन उसले पनि त्यस्तै गर्न सक्छ । ० निर्वाचन सम्पन्न गर्न सरकार असफल हुनुहुँदैन भनिरहनुभएको छ तर तपाईंकै पार्टीका नेता–कार्यकर्ताले यस्तो आरोप लगाएजस्तो लाग्दैन? हाम्रो बारेमा"
89,Sakonii/distilgpt2-nepali,किशोरले काम गर्छ किनभने उसलाई ,"किशोरले काम गर्छ किनभने उसलाई  यसले आफ्नो काममा लगाउन पनि सजिलो हुँदैन। हाम्रो फेसबुक पछ्याउनुहोस् आजको राशिफल यो खबर हामीले आजको कान्तिपुरबाट लिएका हौ। काठमाडौं, १४ कात्तिक राष्ट्रिय तथा अन्तराष्ट्रिय गैर सरकारी संस्थाहरुमा दर्ता हुन"
90,Sakonii/distilgpt2-nepali,किशोरले अध्ययन गर्छ किनभने उसलाई ,किशोरले अध्ययन गर्छ किनभने उसलाई  धेरै कुरा सिक्नका लागि पर्याप्त गृहकार्य आवश्यक हुँदैन । सूचना विभाग दर्ता नं. ७८/०७३-७४ (४) जिल्ला सभापतिहरुको निर्वाचन क्षेत्र निर्धारण आयोगको अध्यक्षबाट हुनेछ। सम्बन्धित शीर्षकहरु तपाईंको खाता पहिले देखि छ
91,Sakonii/distilgpt2-nepali,किशोरले अध्ययन गर्छ किनभने उसलाई ,किशोरले अध्ययन गर्छ किनभने उसलाई  यो सम्भव छ कि उनीहरु यो उमेरमा सेक्सी र किशोरावस्थामा जाँदैछन् अनि यो उमेरमा उनीहरु यो उमेरमा सेक्स गर्छन । किनकी यो उमेरमा उनीहरुको सेक्सीपना अचानक बढ्ने र नयाँ सपनाहरुको बारेमा चिन्ता बढ्न थाल्छ जो सपना
92,Sakonii/distilgpt2-nepali,किशोरले अध्ययन गर्छ किनभने उसलाई ,किशोरले अध्ययन गर्छ किनभने उसलाई  कुनै न कुनै रूपमा आफ्नो जीवनको महत्वपूर्ण समयको रूपमा लिन्छन् । जब कि उसले आफ्नो आफ्नो जीवनको पहिलो दिन नै यो कुरा थाहा पाउँछ कि उसको प्रेम धेरै गहिरो भएर जान्छ । कुनै पनि यस्तो भावनामा मानिसहरू उत्तेजित हुँदैनन् । जब त्यो
93,Sakonii/distilgpt2-nepali,किशोरले अध्ययन गर्छ किनभने उसलाई ,किशोरले अध्ययन गर्छ किनभने उसलाई  कुनै पनि विषयले सम्बोधन गर्न सक्दैन । यदि तपाईंका लागि सबैभन्दा राम्रो पक्ष नै के हो भन्ने लाग्छ भने हामी त्यसलाई एउटा ‘टाइम मेकर’ पनि भन्छौं । यो कुरा सुन्दा मलाई अनौठो लाग्न सक्छ । मेरो ‘टाइम
94,Sakonii/distilgpt2-nepali,किशोरले अध्ययन गर्छ किनभने उसलाई ,"किशोरले अध्ययन गर्छ किनभने उसलाई  अध्ययनको राम्रो ज्ञान र सीप दुवै चाहिन्छ । यो अध्ययन र अनुभवको आधारमा हामीले धेरैले उसलाई धेरै कुरा थाहा नपुर्याउ भन्न सक्छौँ । तर, म यससँग सम्बन्धित अनुसन्धानात्मक र ज्ञान बाँड्नका लागि प्रतिबद्ध हुन्छ"
95,Sakonii/distilgpt2-nepali,किशोरले अध्ययन गर्छ किनभने उसलाई ,"किशोरले अध्ययन गर्छ किनभने उसलाई  एक पटक भन्दा बढी औषधी दिएर पनि उपचार हुन सक्ने खतरा हुन्छ । त्यसैले धेरै औषधी सेवन गर्नुभन्दा पहिले नै औषधी दिएर ठिक तुल्याइदिने प्रयास गर्नुपर्छ । हाम्रो बारेमा प्रधानमन्त्री केपी ओलीले हालै भनेका थिए, ‘अब जता फर्क"
96,Sakonii/distilgpt2-nepali,किशोरले अध्ययन गर्छ किनभने उसलाई ,किशोरले अध्ययन गर्छ किनभने उसलाई  यौनइच्छा बढी हुन्छ । प्रतिक्रिया दिनुहोस् हाम्रो बारेमा यस जिल्लामा जम्मा ३६४ मतदान केन्द्रका १७ लाख ६४ हजार ९८२ मतदाता रहेका छन भने कुल खसेको कूल मतको १० प्रतिशत मत खसेको
97,Sakonii/distilgpt2-nepali,किशोरले अध्ययन गर्छ किनभने उसलाई ,किशोरले अध्ययन गर्छ किनभने उसलाई  अनपेक्षित रूपमा डिप्रेसनको सिकार बनाउँछ । तर पनि यो सत्य होइन । आत्महत्याद्वारा मनोमालिन्यहरूको एउटा ठूलो समस्या बन्दै गएको छ । यो रोग विशेषज्ञले पनि पुष्टि गरिसकेको छ । नेपालमा सन् १९९१ मा पहिलोपटक एचआइभी
98,Sakonii/distilgpt2-nepali,किशोरले अध्ययन गर्छ किनभने उसलाई ,"किशोरले अध्ययन गर्छ किनभने उसलाई  यसले आफ्नो जीवनकालमा केही पनि गर्दैन सूचना विभाग दर्ता नं. हाम्रो बारेमा अब बन्ने वामपन्थी सरकारले स्थायित्व दिन्छ? सन् १९४८ मा, ‘मिसेज’ मा उनी आफ्नो देश बाहिर"
99,Sakonii/distilgpt2-nepali,किशोरले अध्ययन गर्छ किनभने उसलाई ,"किशोरले अध्ययन गर्छ किनभने उसलाई  दैनिक खाना, लुगाफाटा, टोपी, कापीलगायतका न... आजको राशिफल / वि.सं. २०७५ मार्गशीर्ष २८ गते बुधबार काठमाडौं, २ मंसिर । पहिलो चरणमा प्रदेश नम्बर २ को निर्वाचन सम्पन्न भएका"
100,Sakonii/distilgpt2-nepali,किशोरले अध्ययन गर्छ किनभने उसलाई ,"किशोरले अध्ययन गर्छ किनभने उसलाई  के गर्ने भन्ने निर्णयमा पुगेको छैन । किनभने ती किशोरीहरु जो किशोरावस्थामा हुँदा शारीरिक रूपमा अशक्त भए, उनीहरुमा एक प्रकारको मानसिक विकास हुनसक्ने क्षमता हुन्छ । अब केही दिनमा नै मुलुकले निकास पाउनेछ ।"
101,Sakonii/distilgpt2-nepali,किशोरले अध्ययन गर्छ किनभने उसलाई ,"किशोरले अध्ययन गर्छ किनभने उसलाई  सेक्ससँग जोडिने काम र यौनसाथीबीच तुलना गर्न सक्दैन ।’ सेक्सीले पनि सेक्समा आफ्नो रुची देखाउने बताए । उनले भने, ‘आफ्नो रुची अनुसार पार्टनरका क्रियाकलाप गर्न सक्यौं भने सेक्स पनि कम गर्छौ ।’"
102,Sakonii/distilgpt2-nepali,किशोरले अध्ययन गर्छ किनभने उसलाई ,किशोरले अध्ययन गर्छ किनभने उसलाई  समय बढी लाग्छ । यो अध्ययनपछि ऊ एक किसिमको मानसिक स्वास्थ्य सम्बन्धी अध्ययनको अनुभव लिन सक्छ । यस IP को बारेमा वार्तालाप गर्ने नेपाल प्रहरी यस IP को
103,Sakonii/distilgpt2-nepali,किशोरले अध्ययन गर्छ किनभने उसलाई ,"किशोरले अध्ययन गर्छ किनभने उसलाई  साँच्चिकै साँच्चिकै मायालाग्दो बनाउन कुनै समस्या हुँदैन । जब उसले आफ्नी आमाको गर्भमा रहेको शिशु च्यापेर बाहिर आउनुपर्ने भयो । त्यसो त कुनै समय यस्तो थियो कि, जबकी आमाको गर्भमा बच्चा थिएन । शिशुको जन्म"
104,Sakonii/distilgpt2-nepali,किशोरले अध्ययन गर्छ किनभने उसलाई ,"किशोरले अध्ययन गर्छ किनभने उसलाई  निद्रा लाग्न थाल्छ । यो पनि निद्राकै समस्याबाट सुरु हुन्छ, जहाँ निद्रा लाग्न थाल्छ र निद्रा लाग्दैन । निद्रालाई स्वस्थ बनाउने हो भने निद्राको समस्याबाट छुटकारा पाउन र निद्राको सम्भावनालाई कम गर्नको लागि पर्याप्त निद्रा आवश्यक"
105,Sakonii/distilgpt2-nepali,किशोरले फ्लर्ट गर्छ किनभने उसलाई ,किशोरले फ्लर्ट गर्छ किनभने उसलाई  सेक्सले खासै राम्रो गर्दैन । नेपाल प्रहरीमा ‘माओछाप’ _ नेपाल आज उनले सरकारले आफ्नो क्षेत्रमा आवश्यक पर्ने पूर्वाधार तयार पार्दै छन् भने मन्त्रालयहरुमा समेत काम गर्ने उनको दाबी छ
106,Sakonii/distilgpt2-nepali,किशोरले फ्लर्ट गर्छ किनभने उसलाई ,किशोरले फ्लर्ट गर्छ किनभने उसलाई  अन्य बच्चा जस्तै हो जुन कुनै बेलाको भन्दा ठूलो छ भन्ने थाहा छ तर यहाँ को हुनुहुन्छ भनेर पत्ता लगाउन सक्नुभन्दा पहिले एक बच्चाको साथ थियो भन्ने थाहा पाउनुहोस् । यो वेबसाइट कान्तिपुर राष्ट्रिय दैनिकको
107,Sakonii/distilgpt2-nepali,किशोरले फ्लर्ट गर्छ किनभने उसलाई ,"किशोरले फ्लर्ट गर्छ किनभने उसलाई  धेरै समयसम्म काममा लगाउन मुश्किल छ। तर यति मात्र होइन, यसले दिमागलाई खराब बनाउँछ। हाम्रो वारेमा काठमाडौंः विश्वकै सबैभन्दा ठूलो आइसिटि शो ‘नेपाल आइसिटि कप’का लागि नेपाली राष्ट्रिय फुटबल टोलीले चार"
108,Sakonii/distilgpt2-nepali,किशोरले फ्लर्ट गर्छ किनभने उसलाई ,किशोरले फ्लर्ट गर्छ किनभने उसलाई  कोकले स्पटले मात्र काम दिन्छ। यसले तपाईंको व्यक्तित्वलाई अझ तेज बनाउँछ। अब यो कुनै पनि तरिकामा हुन सकिँदैन र तपाईंलाई महसुस नगर्नुहोस् जसले आफ्नो दिमागलाई नियन्त्रण गर्नेछ। यदि तपाईं आफ्नो काम गर्नुहुन्छ र
109,Sakonii/distilgpt2-nepali,किशोरले फ्लर्ट गर्छ किनभने उसलाई ,किशोरले फ्लर्ट गर्छ किनभने उसलाई  यस्तो बेलाका समयभन्दा केही समय फुर्सदको समय मन पर्छ । नुवाकाेट -नुवाकोटको दुप्चेश्वर गाउँपालिका वडा नं १ को सामरीमा आज साँझ मिनी ट्रक दुर्घटना हुँदा दुई जनाको
110,Sakonii/distilgpt2-nepali,किशोरले फ्लर्ट गर्छ किनभने उसलाई ,"किशोरले फ्लर्ट गर्छ किनभने उसलाई  यौन सम्पर्कको आनन्द प्राप्त हुने गरेको हुन्छ । त्यसैले यौन सम्पर्क गर्ने बेलामा सम्भोग गर्ने बेलामा महिलाहरुले कण्डमको प्रयोग गरेर सेक्सलाई सुरक्षित र उत्तेजित गर्न सल्लाह दिन्छन् । तर, यौन सम्पर्क गर्नुअघि कण्डमको प्रयोग गर्दा कण्डमको प्रयोग"
111,Sakonii/distilgpt2-nepali,किशोरले फ्लर्ट गर्छ किनभने उसलाई ,"किशोरले फ्लर्ट गर्छ किनभने उसलाई  यो कुराको ज्ञान थियो कि उनीहरूको लागि उनीहरूको शरीर विशेष चाहिन्छ भनेर थाह थियो कि जब उनको शरीर लेजरको कारण बाहिर निस्कन्छ, तिनीहरू यसलाई नै प्रेम गर्दथे । यसले गर्दा उनले यो शरीर र मनको लागि महत्त्वपूर्ण"
112,Sakonii/distilgpt2-nepali,किशोरले फ्लर्ट गर्छ किनभने उसलाई ,किशोरले फ्लर्ट गर्छ किनभने उसलाई  के हुन्छ? किनभने के हुन्छ? एउटा त्यस्तो वेश्या..अर्कालाई थाह होला जो अरू पुरुषसँग सम्भोग गर्छन् । तर उनी अरू पुरुषले भन्दा बढी स्त्रीसँग सम्भोग गर्न चाहन्छिन् । जब यो थाहा पाइन्छ पुरुष
113,Sakonii/distilgpt2-nepali,किशोरले फ्लर्ट गर्छ किनभने उसलाई ,"किशोरले फ्लर्ट गर्छ किनभने उसलाई  कुनै पनि किसिमको समस्या छैन, तर पनि अन्य कारण छन् जसले सबैलाई समस्या पारेको छ । नेपाल सरकारले प्रत्येक नेपाली नागरिकलाई जलविद्युत् आयोजनाको शेयरधनी बनाउने लक्ष्यका साथ तीन हजार ५०० मेगावाट क्षमताका आयोजना निर्माण कार्यलाई अगाडि बढाएको"
114,Sakonii/distilgpt2-nepali,किशोरले फ्लर्ट गर्छ किनभने उसलाई ,किशोरले फ्लर्ट गर्छ किनभने उसलाई  पैसा दिन सक्ने शक्ति चाहिन्छ । तर यस्तो काम गर्नका लागि उसले आफ्नो शरीरमा कुनै पनि चीजको साथमा काम गर्न पाउँछ र उसलाई अरु कुनै पनि चीजबाट आनन्द प्राप्त होस्. जिल्ला प्रशासन
115,Sakonii/distilgpt2-nepali,किशोरले फ्लर्ट गर्छ किनभने उसलाई ,किशोरले फ्लर्ट गर्छ किनभने उसलाई  धेरै बेरसम्ममा ऊ बसिरहन सक्नेछैन । काठमाडौं । नेपाल कम्युनिष्ट पार्टी (नेकपा) का स्थायी समिति सदस्य योगेश भट्टराईले सरकार निजी क्षेत्रबाट संचालित विद्यालय क्षेत्र विकासको बाधक बनेको आरोप लगाएका... प्रधानमन्त्री
116,Sakonii/distilgpt2-nepali,किशोरले फ्लर्ट गर्छ किनभने उसलाई ,किशोरले फ्लर्ट गर्छ किनभने उसलाई  ऊ पनि उसको नजिक रहन्थ्यो। जिल्ला प्रहरी कार्यालय चितवनले दिएको जानकारीअनुसार आज बिहान भरतपुर महानगरपालिका–१० स्थित कालिका माविमा विद्यार्थी र विद्यार्थी गरी ५० भन्दा बढी विद्यार्थी रहेको बताइएको छ ।
117,Sakonii/distilgpt2-nepali,किशोरले फ्लर्ट गर्छ किनभने उसलाई ,"किशोरले फ्लर्ट गर्छ किनभने उसलाई  लाग्छ कि अब यो यो सबै एक को लागि पर्याप्त हुनेछ। जब मानिसहरू त्यहाँ छिटो र सजिलो छन्, तब तपाईं यहाँ न केवल एक को लागि एकदम राम्रो छ भने तपाईं आफ्नो साथी प्राप्त गर्ने छैन। आफ्नो सामने तपाईं"
118,Sakonii/distilgpt2-nepali,किशोरले फ्लर्ट गर्छ किनभने उसलाई ,किशोरले फ्लर्ट गर्छ किनभने उसलाई  एक व्यक्तिबाट अर्को व्यक्तिको यौनदासीसँग जोड्ने काम हुँदैन। नयाँ दिल्ली । भारतको कर्नाटक राज्यमा एक हिन्दु मन्दिरका पुजारीले आफ्नो ज्यानबाट बचाउनको लागि चोरले लिंगा लगाएर आत्महत्या गरेका छन् । हिन्दू धार्मिक
119,Sakonii/distilgpt2-nepali,किशोरले फ्लर्ट गर्छ किनभने उसलाई ,"किशोरले फ्लर्ट गर्छ किनभने उसलाई  एउटा आकर्षक केटी छनौट गर्नु आवश्यक छ। तपाईं यस कुरा आफ्नो साथीहरूलाई अनलाइन छ र तपाईंको सन्देशको लागि हामीलाई सहयोग गर्न तत्पर हुनुहुन्छ, र हामी तपाईंलाई आवश्यक छ कि हामी तपाईंलाई सहयोग गर्न तयार छौँ, हामी चाँडै नै आफ्नो प्रिय"
120,Sakonii/distilgpt2-nepali,किशोरले सामाजिकीकरण गर्छ किनभने उसलाई ,"किशोरले सामाजिकीकरण गर्छ किनभने उसलाई  कुनै केटाको मन पर्दैन । उनी केटीको मन पनि केटाको दिमागबाट पढ्न रुचाउँछन् । भिडियो हेर्न यहाँ क्लिक गर्नुहोला! नेपाल–फ्रान्स कुटनीतिक सम्बन्ध स्थापनाको ७३ औं बर्ष पुरा, नेपाल"
121,Sakonii/distilgpt2-nepali,किशोरले सामाजिकीकरण गर्छ किनभने उसलाई ,किशोरले सामाजिकीकरण गर्छ किनभने उसलाई  मानसिक तथा शारीरिक रुपमा परिपक्व बनाउँछ र आफ्नो साथी तथा साथीको सहयोगमा उसको मनमस्तिष्कमा नकारात्मक भावना विकास हुन्छ । त्यसैले सामाजिकीकरण गर्ने काममा ढिलो गरी सामाजिकीकरण गर्नुपर्छ । “जडीबुटीको छोरो भएको
122,Sakonii/distilgpt2-nepali,किशोरले सामाजिकीकरण गर्छ किनभने उसलाई ,"किशोरले सामाजिकीकरण गर्छ किनभने उसलाई  घृणा गर्नेहरूको संख्या पनि बढेको छ । ई-मेल ( ई-मेल गोप्य राखिने छ) प्रदेश–५ मा स्थानीय तहको संख्या थप गर्न माग - राजकुमार थापा ‘राष्ट्रिय एकता, समृद्धि र स्वाभिमान"
123,Sakonii/distilgpt2-nepali,किशोरले सामाजिकीकरण गर्छ किनभने उसलाई ,किशोरले सामाजिकीकरण गर्छ किनभने उसलाई  जिन्दगीमा आफ्नो सबैभन्दा ठूलो प्रगति गर्न धेरै संघर्ष गर्नुपर्छ । उसले आफ्नो जीवनलाई सफल बनाउन हरेक समय मेहनत गर्नुपर्छ । तर जब धेरै संघर्ष गर्दा पनि उसले सफलता नपाउँदा उसले आफ्नो कामलाई राम्रो गर्न सक्दैन र जिन्दगीमा धेरै बाधा
124,Sakonii/distilgpt2-nepali,किशोरले सामाजिकीकरण गर्छ किनभने उसलाई ,"किशोरले सामाजिकीकरण गर्छ किनभने उसलाई  समाजका सदस्यबाट घृणा, हिंसा, दुर्व्यवहार, हिंसा, बलात्कार, यौनिक उत्पीडन र अपमानको शिकार बनाउँछ । त्यसैले हामी सचेत हुनुपर्छ । आफ्नो जीवनप्रति इमानदार हुनुपर्छ । अरूका कुरा सुन्नुपर्छ।... नेपाली"
125,Sakonii/distilgpt2-nepali,किशोरले सामाजिकीकरण गर्छ किनभने उसलाई ,किशोरले सामाजिकीकरण गर्छ किनभने उसलाई  बलात्कार गर्ने अधिकार कसले दियाे? अब पुरुषले पनि बलात्कारीको लाइसेन्स खोस्नेछन् । बलात्कारीको अनुहारको फोटोको लागि मात्र भए पनि आफ्नो अधिकार सुरक्षित गर्न सक्षम भएका छन् कि छैनन्? के बलात्कारको परिभाषा बदलिए
126,Sakonii/distilgpt2-nepali,किशोरले सामाजिकीकरण गर्छ किनभने उसलाई ,"किशोरले सामाजिकीकरण गर्छ किनभने उसलाई  त्यो सोचले सम्बोधन गर्न प्रेरित गर्छ। प्रधानमन्त्री ओलीको निर्देशनमा गृहमन्त्री बादलको यस्तो बिफ्रिङ [भिडियो] काठमाडौं, मंसिर २० । युवा संघ नेपालले पहिलो पटक ‘भिजन–२० एसिया प्यासिफिक इन्टरनेशनल’ अवार्डको आयोजना गरेको"
127,Sakonii/distilgpt2-nepali,किशोरले सामाजिकीकरण गर्छ किनभने उसलाई ,"किशोरले सामाजिकीकरण गर्छ किनभने उसलाई  समाजप्रति नै उत्तरदायी बनाउनुपर्छ । जुन समाजको मुख्य भाग हो, समाजप्रति नै आधारित हुन्छ । काठमाडौं । नेपाल कम्युनिष्ट पार्टीका नेता एवं पूर्वगृहमन्त्री जनार्दन शर्माले प्रधानमन्त्री केपी शर्मा ओली नेतृत्वको सरकारमा अब पार्टीको नेतृत्व हस्तरेखा मात्र"
128,Sakonii/distilgpt2-nepali,किशोरले सामाजिकीकरण गर्छ किनभने उसलाई ,किशोरले सामाजिकीकरण गर्छ किनभने उसलाई  ज्यादै नराम्रो लाग्छ । त्यो अवस्थामा पनि ऊ निकै माथि आउनसक्छ । अर्को पक्ष चाहिँ उसको राजनीतिक चरित्रको सम्बन्धमा कुनै पनि कुरा छैन । यदि उसले आफ्नो राजनैतिक चरित्रलाई सुधार गरेको छैन भने उसले आफ्नो राजनीतिक चरित्रको सम्मान
129,Sakonii/distilgpt2-nepali,किशोरले सामाजिकीकरण गर्छ किनभने उसलाई ,किशोरले सामाजिकीकरण गर्छ किनभने उसलाई  समय दिन र रातको समय पनि दिन फरक–फरक समय छुट्ट्याउनुपर्छ । यो एक महत्वपूर्ण अवसर हो । नेपाल सरकार (मन्त्रिपरिषद्) बाट मिति २०७४/१०/११ गते प्रकाशित राजपत्रहरु
130,Sakonii/distilgpt2-nepali,किशोरले सामाजिकीकरण गर्छ किनभने उसलाई ,किशोरले सामाजिकीकरण गर्छ किनभने उसलाई  कुनै अनैतिक तत्वले कमजोर पार्ने कुनै तरिका पनि छैन तर समाजमा त्यस्तो हुँदैन । हाम्रो समाजमा यौनको विषयमा हरेक पुरुष र महिलाहरु बढी छन् तर यौनको बारेमा जुन दृष्टिकोण छ त्यसले नकारात्मक सन्देश दिन्छ त्यो विचार चाहीँ गलत
131,Sakonii/distilgpt2-nepali,किशोरले सामाजिकीकरण गर्छ किनभने उसलाई ,"किशोरले सामाजिकीकरण गर्छ किनभने उसलाई  मृत्युले मात्र होइन, उसले आफ्नो सारा समाजलाई पनि सुरक्षित बनाउन सक्छ । हामीले यसको विरोध गर्नुपर्छ । यसको बिरोध गर्नेहरूले गलत बाटो परित्याग गर्नुपर्छ । यसो गर्न सकिँदैन भन्ने हो भने कुनै पनि देशमा हिंसाका नाममा कुनै पनि व्यक्तिलाई मारि"
132,Sakonii/distilgpt2-nepali,किशोरले सामाजिकीकरण गर्छ किनभने उसलाई ,"किशोरले सामाजिकीकरण गर्छ किनभने उसलाई  समाज वा मुलुकले नै ग्रहण गर्न सक्छ कि सक्दैन । यसका लागि हामी हरेक पाइलामा उभिएर हरेक पाइला चाल्न तयार छौं । काठमाडौँ, फागुन ७ गते । प्रधानमन्त्री शेरबहादुर देउवाले नेपाली काङ्ग्रेस केन्द्रीय कार्यसमितिको बैठक आज बस्ने भएको छ"
133,Sakonii/distilgpt2-nepali,किशोरले सामाजिकीकरण गर्छ किनभने उसलाई ,"किशोरले सामाजिकीकरण गर्छ किनभने उसलाई  यौन शोषण गर्ने क्षमता र मानसिक क्षमतामा त्यति विश्वास नहुन सक्छ । त्यसैले, उनीहरूलाई शारीरिक, बौद्धिक एवं मानसिक यातना दिने, मानसिक यातना दिने वा शोषण गर्ने आदि शारीरिक, मानसिक वा शारीरिक र मानसिक यातना दिएर यौन उत्पीडनमा"
134,Sakonii/distilgpt2-nepali,किशोरले सामाजिकीकरण गर्छ किनभने उसलाई ,"किशोरले सामाजिकीकरण गर्छ किनभने उसलाई  सामाजिकीकरण गर्न पनि सहज छैन । यो कुराले मानिसका लागि शिक्षा र अवसरको आवश्यकता बढेको छैन । यो त समाजको लागि राम्रो कुरा हो । शिक्षाले जीवनलाई पनि बलियो बनाउँछ, नयाँ पुस्ता पनि । अहिलेका"
135,Sakonii/distilgpt2-nepali,किशोरले स्वयम्सेवा गर्छ किनभने उसलाई ,"किशोरले स्वयम्सेवा गर्छ किनभने उसलाई  काम गर्ने समय पनि लाग्दैन । उसको कामका लागि उसलाई कुनै पनि समस्या हुँदैन । ऊ काम गर्न तयार छ भन्ने पनि होइन । उसलाई काम गर्ने समय, परिश्रम, कर्तव्य र सीप चाहिन्छ भन्ने पनि होइन । तर उसले काम"
136,Sakonii/distilgpt2-nepali,किशोरले स्वयम्सेवा गर्छ किनभने उसलाई ,"किशोरले स्वयम्सेवा गर्छ किनभने उसलाई  [...] नयाँ लेख/रचना पढ्नुहोस् नयाँ प्रतिक्रिया पोस्ट गर्नुस हाम्रो बारे प्रधानमन्त्री केपी शर्मा ओलीदेखि मन्त्री र उच्चपदस्थ पदाधिकारीसम्म यस्ता सरुवा भए, जसलाई अहिले सर्वत्र"
137,Sakonii/distilgpt2-nepali,किशोरले स्वयम्सेवा गर्छ किनभने उसलाई ,किशोरले स्वयम्सेवा गर्छ किनभने उसलाई  ज्यादै मन परेको पुस्तक पनि चाहिन्छ । यसका लागि उनी सबैभन्दा उत्कृष्ट लेखक हुने छन् । © 2017 पाना सम्बाद मिडिया प्रा. लि. यी ७ व्यक्तिले भुलेर पनि खानु हुदैन अनार
138,Sakonii/distilgpt2-nepali,किशोरले स्वयम्सेवा गर्छ किनभने उसलाई ,किशोरले स्वयम्सेवा गर्छ किनभने उसलाई  कसैले पनि माया गर्दैन । केही अपवादले उसलाई साथ दियो र आफ्नो लागि एक जीवन समर्पण गर्यो । उसले आफूलाई र आफ्नी एक मित्रले पनि प्रेम गर्न सक्छ र सम्बन्धलाई सधैंभरि प्रेम गर्छ । यस्तोमा ऊ केही हदसम्म
139,Sakonii/distilgpt2-nepali,किशोरले स्वयम्सेवा गर्छ किनभने उसलाई ,किशोरले स्वयम्सेवा गर्छ किनभने उसलाई  केवल एउटा कुरा मात्र थाहा हुन्छ । अर्को कुरा यो कुनै कुनै व्यक्तिको मनको कुरा हो अथवा ऊ सम्पूर्ण संसारलाई बुझ्नको लागि प्रेरित गर्दछ । यो कुराले उसलाई आध्यात्मिक र दार्शनिक दुवै प्रकारले ज्ञान प्रदान गर्दछ । उदाहरणको निम्ति
140,Sakonii/distilgpt2-nepali,किशोरले स्वयम्सेवा गर्छ किनभने उसलाई ,"किशोरले स्वयम्सेवा गर्छ किनभने उसलाई  थाहा हुँदैन र उसको अनुभव पनि हुँदैन । तर, यो गलत कुरा हो । किनभने हाम्रो जीवन यस्तो भयो कि, जसले मानिसको जीवनमा एउटा अचम्म लाग्दो कुरा जन्माउँछ । हाम्रो बारे – पल्ल"
141,Sakonii/distilgpt2-nepali,किशोरले स्वयम्सेवा गर्छ किनभने उसलाई ,"किशोरले स्वयम्सेवा गर्छ किनभने उसलाई  नै थाहा हुँदैन । राष्ट्रिय समाचार समितिमा नेपाल पत्रकार महासंघ, प्रेस युनियन, प्रेस चौतारी र प्रेस सेन्टर नेपालको संयुक्त पत्रकार को लागि खोज: काठमाडौं, नेपाल"
142,Sakonii/distilgpt2-nepali,किशोरले स्वयम्सेवा गर्छ किनभने उसलाई ,किशोरले स्वयम्सेवा गर्छ किनभने उसलाई  ज्यादै धेरै आवश्यक पर्छ । यद्यपि बाइबल अध्ययन गर्ने विद्यार्थी ज्यादै कम छन् तर त्यसको लागि आवश्यक पर्दैन भन्ने कुरा त बाइबल अध्ययन गरिएका अन्य पुस्तकहरू भन्दा फरक छ । यस प्रकारको पठनले उसलाई निकै टाढा र नआ
143,Sakonii/distilgpt2-nepali,किशोरले स्वयम्सेवा गर्छ किनभने उसलाई ,किशोरले स्वयम्सेवा गर्छ किनभने उसलाई  ‘लाण्डलु’ बनाउन गाह्रो हुन्छ । उसलाई लाग्छ- ‘लामाले भनेको कुरा यति मात्र होइन सबै चीजको गुण हामीले स्वीकार पनि गरेका छौं कि त्यो हाम्रो लागि होइन’ भनेर । उनले यो परियोजनाका
144,Sakonii/distilgpt2-nepali,किशोरले स्वयम्सेवा गर्छ किनभने उसलाई ,"किशोरले स्वयम्सेवा गर्छ किनभने उसलाई  आफूमा भएको ज्ञान तथा अनुभवले सिकाउने गर्छ । तर आफूप्रति कुनै पनि कुरामा विश्वास गर्दैनन् । यस्तो परिस्थितिमा पनि आफ्नो बुद्धिमानलाई पनि विश्वास गर्नुपर्छ । काठमाडौँ, नेपाल ‘जागिर माफी मागे"
145,Sakonii/distilgpt2-nepali,किशोरले स्वयम्सेवा गर्छ किनभने उसलाई ,"किशोरले स्वयम्सेवा गर्छ किनभने उसलाई  केवल उसको उमेर अनुसार नै हेरचाह गर्नुपर्ने अवस्था छ भन्ने थाहा भयो भने, ऊ स्वयं नै आफ्नो पेशाप्रति सचेत हुनुपर्ने हुन्छ । धेरै राम्रो नेपाल Home » madhesh » राजपा नेपालको संसदीय दलको"
146,Sakonii/distilgpt2-nepali,किशोरले स्वयम्सेवा गर्छ किनभने उसलाई ,"किशोरले स्वयम्सेवा गर्छ किनभने उसलाई  विश्वास छ कि हरेक समय, समय अनि ज्ञान अनि अनुभव। यसले परमेश्वरको सेवा गर्ने इच्छालाई पूरा गर्ने आशा गर्दछ। हाम्रो नयाँ करारको लागि नयाँ करारहरूको बारेमा हामीलाई सूचित गरिएको छ। यो नयाँ करारको बारेमा तपाईंको"
147,Sakonii/distilgpt2-nepali,किशोरले स्वयम्सेवा गर्छ किनभने उसलाई ,किशोरले स्वयम्सेवा गर्छ किनभने उसलाई  काम मन पर्दैन र उसलाई काम मन पर्दैन । Home » जिल्ला हुलाक कार्यालय बाँकेको भवन यो पनि पढ्नुहोस - निलमनी भण्डारी (काठमाडौँ) सन् १९८० को दशकमा
148,Sakonii/distilgpt2-nepali,किशोरले स्वयम्सेवा गर्छ किनभने उसलाई ,"किशोरले स्वयम्सेवा गर्छ किनभने उसलाई  उसको व्यक्तित्व विकास गर्ने काम गरिन्छ । ऊ आफैँभित्र यो कुरा मात्र एक होइन, त्योभन्दा अघि बढ्नका लागि अनेकौँ कुरा गर्न सक्छ ।” नेपाल आइडल सिजन २ को टुरमा एक हजार रुपैयाँ पनि खर्च नगर्न"
149,Sakonii/distilgpt2-nepali,किशोरले स्वयम्सेवा गर्छ किनभने उसलाई ,"किशोरले स्वयम्सेवा गर्छ किनभने उसलाई  उसले कुन दिनलाई काम गर्छ भनेर सिकाउनुपर्दैन । © २०१८ सर्वाधिकार सुरक्षित सूचना विभाग दर्ता नंः ८४७/०७४-७५, दैनिक नेपाल टिम यस कार्यक्रममा नेपालका राष्ट्रिय तथा अन्तराष्ट्रिय गैर सरकारी संस्था"
150,Sakonii/distilgpt2-nepali,आफ्नो साथीहरूसँग किशोर ,"आफ्नो साथीहरूसँग किशोर ावस्था, महिला विवाह र घर व्यवहारबाट आएको परिवर्तनको अनुभव, किशोरावस्थाको लागि आफ्नो किशोरावस्थालाई कसरी थाहा पाउने बारे धेरै कुराहरू सिक्न पाइयो। ती सबैलाई पूर्णकालीन युवा-महिलाबाट गरिएको काम, पढाइ र व्यक्तित्वको अध्ययन"
151,Sakonii/distilgpt2-nepali,आफ्नो साथीहरूसँग किशोर ,"आफ्नो साथीहरूसँग किशोर ावस्थामा यौनसम्पर्क गर्दा राम्रो हुन्छ र आफ्नो जीवन पनि राम्रो हुन्छ भन्ने सोच्छन् । तर उनी आफ्नो उमेरभन्दा दुई घन्टा बढी समय यौन आनन्द लिएनन्, यो कुरा उनलाई थाहा छैन, तर उनको यौनजीवनलाई साँच्चिकै माया गर्ने कुरा भने"
152,Sakonii/distilgpt2-nepali,आफ्नो साथीहरूसँग किशोर ,"आफ्नो साथीहरूसँग किशोर ावस्थामा आएर एउटा साथीसँग यौनसम्पर्क गर्न मनाउँथे, मैले त्यस्तो कल्पना गर्नुपर्छ जबकी, कुनै पनि साथीसँग यौन सम्पर्क गर्न मनै लाग्दैन। काठमाडौं चैत २२_ नेपाल आयल निगमले शुक्रबार राति १२ बजेबाट लागू हुने"
153,Sakonii/distilgpt2-nepali,आफ्नो साथीहरूसँग किशोर ,"आफ्नो साथीहरूसँग किशोर ावस्थाको अन्त्यका साथ विवाह गर्ने, उमेर र यौवनको सम्बन्धका बारेमा अध्ययन गर्ने अनि आफ्ना बारेमा कुरा राख्ने मौका मिलेको छ । हाम्रो बारे यो जितसँगै भारत १९ अंक सहित दोस्रो स्थानमा रहेको छ । आइतबार दोस्रो"
154,Sakonii/distilgpt2-nepali,आफ्नो साथीहरूसँग किशोर ,आफ्नो साथीहरूसँग किशोर ावस्थामा आफ्नो यौन झुकाव बढाउनका लागि यौन उत्तेजना बढाउने औषधीमा केही भिन्नता थप्नुहोस् । यसले तपाईंको यौनसाथीको यौन उत्तेजना बढाइदिन्छ र यौनरोगलाई पूर्ण रूपमा ठिक गराउँछ । आजबाट नयाँ
155,Sakonii/distilgpt2-nepali,आफ्नो साथीहरूसँग किशोर ,"आफ्नो साथीहरूसँग किशोर  हुँदा आफ्नो मनको शान्तिको लागि रकेटको खेल खेल्ने गर्दथें। त्यहाँ एक विशेष चुम्बकीय शक्ति थियो, जब कुनै चुम्बकीय शक्ति, खेल रोटोले आफ्नो आवाज, ट्याटुरले मारम. जबकि"
156,Sakonii/distilgpt2-nepali,आफ्नो साथीहरूसँग किशोर ,"आफ्नो साथीहरूसँग किशोर -किशोरीहरूलाई समय दिनु छ। प्रदेश नं ५, ४ र ६ लाई विशेष क्षेत्र दिइएको भन्दै मुख्यमन्त्री पोखरेलले प्रदेशमा विकासका गतिविधि प्रभावकारी बन्ने गरी नीति नियम निर्माण गर्न सुझाव दिए । के हो एन्ड्रोइड रुट, कसरी गर्ने"
157,Sakonii/distilgpt2-nepali,आफ्नो साथीहरूसँग किशोर ,"आफ्नो साथीहरूसँग किशोर -किशोरीले के सिक्ने? © २०१८ प्रतिलिपि अधिकार. आजको खबर मिडिया प्रा. लि., सर्वाधिकार सुरक्षित. _ Design and Developed by: Amrit Sparsha."
158,Sakonii/distilgpt2-nepali,आफ्नो साथीहरूसँग किशोर ,आफ्नो साथीहरूसँग किशोर  अवस्थाका बारेमा जानकारी लिन सक्नु हुन्छ । कुनै अपरिचित व्यक्तिलाई यौनसम्पर्कको हतारो गर्ने वा एकान्त स्थानमा बस्ने वा यौनसम्पर्क रहने सम्भावना हुन्छ । यसले यौन क्रियाकलापमा समस्या सिर्जना गर्न सक्छ । 'सेरोफेरो' पिस एरा नेपाल प्रा. लि.
159,Sakonii/distilgpt2-nepali,आफ्नो साथीहरूसँग किशोर ,"आफ्नो साथीहरूसँग किशोर ावस्थामा पुगेपछि थाहा पाए जस्तो लाग्छ, एक साथीले यसो गरे भनेर म केही भन्न सक्दिन काठमाडौँ, १९ पुस (रासस)ः अख्तियार दुरुपयोग अनुसन्धान आयोगले आज यहाँ आयोजना गरेको ‘यातायात समिति दर्ता तथा नविकरणसम्बन्धी जानकारी मार्ग निर्देशन तथा नियमन निकायका पदाधिकारी"
160,Sakonii/distilgpt2-nepali,आफ्नो साथीहरूसँग किशोर ,"आफ्नो साथीहरूसँग किशोर  कथा र गजल लेख्नुभएको छ. म पनि नेपाली गजल क्षेत्रमा सक्रिय र सक्रिय छु. उहाँ मेरो अनुभवमा पनि नेपाली गजललेखनमा सक्रिय हुनुहुन्छ, र आफ्नो व्यक्तिगत स्वार्थका लागि म यो क्षेत्रले केही नगरेको जस्तो लाग्छ."
161,Sakonii/distilgpt2-nepali,आफ्नो साथीहरूसँग किशोर ,आफ्नो साथीहरूसँग किशोर  छँदा आफूले देखेका कुरा बिर्सन्नँ । ० तपाईंहरू पनि तपाईंको किशोरावस्थामै आएर केही भन्नुभए म त उहाँलाई प्रेम गर्छु । काठमाडौं । पछिल्लो समयका चर्चित गायक टंक बुढाथोकीले नयाँ गीत ‘बनाउ नेपाल’ सार्वजनिक
162,Sakonii/distilgpt2-nepali,आफ्नो साथीहरूसँग किशोर ,आफ्नो साथीहरूसँग किशोर  बम देवान र सरोज बम देवान बम देवान र राजु घिसिङलाई पक्राउ गरिएको जिल्ला प्रहरी कार्यालय डोटीका प्रहरी नायब उपरीक्षक हरिबहादुर ओलीले राससलाई जानकारी दिए । उनका अनुसार उनीहरुलाई नियन्त्रणमा लिएर मङ्गलबार बेलुका नै जिल्ला प्रहरी कार्यालय डोटीमा राखिएको छ । पक्राउ
163,Sakonii/distilgpt2-nepali,आफ्नो साथीहरूसँग किशोर ,आफ्नो साथीहरूसँग किशोर ावस्थादेखि नै रमाइलो र परिपक्वताको अध्ययन गर्नुपर्छ र त्यो अभ्यासमा सरिक हुनका लागि मेरो परिवार सँग सम्पर्कमा रहनुपर्छ।’ शेयर प्यानेल बन्द गर्नुहोस् यस दिन बैंकारलाई
164,Sakonii/distilgpt2-nepali,आफ्नो साथीहरूसँग किशोर ,"आफ्नो साथीहरूसँग किशोर ावस्थाकी छँदा पनि उनी सँगै खेल्न सक्ने भइसकेका थिए । त्यसपछि, किशोरले किशोरलाई नै रोज्यो । तैपनि, किशोरावस्थामा उनी किशोरावस्थामा पुग्न सकेनन् । किशोरावस्थामा नै किशोरावस्थामा पुग्नुपर्ने बाध्यता हुन्छ"
165,Sakonii/distilgpt2-nepali,आफ्नो परिवारसँग किशोर ,आफ्नो परिवारसँग किशोर ावस्था सुरु हुन थालिसकेको र उनी किशोरावस्थामा हुने आफ्ना साथीसँग यौन र यौनिक सम्बन्धमा आधारित रहेर पनि धेरैले थाहा नपाएका कुरा भन्न सक्ने अवस्थामा छैनन् । लेदोङ गाविस ९ की १४ बर्षिया कमला थापालार्इ
166,Sakonii/distilgpt2-nepali,आफ्नो परिवारसँग किशोर ,आफ्नो परिवारसँग किशोर  अवस्थाका बारेमा कुरा गरिरहेका छौं । उनीहरुबीच विवाह हुन लागेको छ भन्ने कुराले पनि उनीहरुलाई पिरोल्न सकेको हुनुपर्छ । हामी उनीहरुको वैवाहिक जीवन सुरु गर्ने कुरामा छौं । फ्याक्स : +९७७-६१ ५२७८
167,Sakonii/distilgpt2-nepali,आफ्नो परिवारसँग किशोर ,"आफ्नो परिवारसँग किशोर  किशोरीमाथि यौन दुव्र्यवहार गरेको खुलेको छ । – राष्ट्रिय जनता पार्टी नेपाल नेपाली युनिकोड हाम्रो बारेमा नेपालमा खतराको संकेत,कसले पठायो ट्रान्समिटर जोडिएको चिल नेपालमा?"
168,Sakonii/distilgpt2-nepali,आफ्नो परिवारसँग किशोर ,आफ्नो परिवारसँग किशोर ावस्थाको अनुभव हुन्छ । उनीहरू सँगै बस्दा आफ्नो भविष्यलाई पनि राम्रो बनाउने गर्छन् । हाम्रो परिवार र साथीभाइसँग बसेर एक वर्षसम्मको कुराकानीपछि मात्रै उनीहरू धेरै राम्रो हुन सक्छन् । उनीहरूमध्ये कसैले पनि परिवारसँग भेट हुन चाहन्छन् । तपाईंको
169,Sakonii/distilgpt2-nepali,आफ्नो परिवारसँग किशोर ,आफ्नो परिवारसँग किशोर वयमा र एक युवासँग प्रेम गरेको बताए । जिल्ला शिक्षा कार्यालय खारेज भएपछि जिल्ला शिक्षा अधिकारी काठमाडौं । नेपालको प्रतिष्ठित मोबाइल सेवा प्रदायक एनसेलले यो वर्ष एक करोड ६० लाख कर छली गर्यो । रेनो र
170,Sakonii/distilgpt2-nepali,आफ्नो परिवारसँग किशोर ,"आफ्नो परिवारसँग किशोर  अवस्थामा रहेको अवस्थामा उनीहरुको कुरा सुन्न पाए हुन्थ्यो भन्ने विश्वास छ । अबदेखि नेपाल टेलिकमले समेत स्मार्ट टेलिकमको सेवा बिस्तार गर्ने भएका छन। यससँगै कम्पनीले आफ्नो फोरजी सेवा विस्तार गर्न लागेका छन। टेलिकमबाट ग्राहकहरुको सहजता, गुणस्तरीय सेवा"
171,Sakonii/distilgpt2-nepali,आफ्नो परिवारसँग किशोर ,"आफ्नो परिवारसँग किशोर ावस्थामा सेक्स, यौनसम्पर्क र कुराकानी गर्न समेत रुचि राख्छन् । उनीहरू किशोरावस्थामा यौन र यौनसम्पर्कलाई पनि विशेष विशेष रुचि राख्ने गर्दछन् । किशोरावस्थामा यौन तथा यौनचाहना बढ्नुको साथै यसमा पर्याप्त मात्रामा शुक्रकीट पनि समावेश"
172,Sakonii/distilgpt2-nepali,आफ्नो परिवारसँग किशोर ,आफ्नो परिवारसँग किशोर  अवस्थामा समेत ध्यान दिईसकेको बताएका छन् । अहिले किशोरावस्थामा पनि किशोरावस्थामा यौन इच्छा जागृत भइरहेका बेला किशोरावस्था (मोस्ट भ्यान्टेज)मा रहेको र त्यसमा अभिभावकको पनि रुचि नहुने भएकाले किशोरावस्थासम्म यौन इच्छा जागृत
173,Sakonii/distilgpt2-nepali,आफ्नो परिवारसँग किशोर ,"आफ्नो परिवारसँग किशोर ावस्थामा छटपटाउने र उनीहरू विवाहपछि पनि एक्लोपनको सहारा बन्न पुगेका छन् । 'सरकारले जनअपेक्षा अनुसार काम गर्नुपर्छ' काठमाडौं, २९ जेठ । बलिउड निर्देशक संजय गुप्ताको आज निधन भएको छ । उनी ७० बर्ष"
174,Sakonii/distilgpt2-nepali,आफ्नो परिवारसँग किशोर ,"आफ्नो परिवारसँग किशोर ावस्था देखि नै एकपछि अर्को समय बिताउने चलन छ । Next: विश्वकप २०१८ को फाइनलमा मैदान उत्रदै, कसले मार्ला बाजी? आज हर्षोल्लासपूर्वक छठ पर्व मनाइँदै “"
175,Sakonii/distilgpt2-nepali,आफ्नो परिवारसँग किशोर ,आफ्नो परिवारसँग किशोर ावस्थामा हुँदा आफ्ना छोराछोरी र नातेदारका लागि मात्र यौन शिक्षाको विषयले निकै महत्त्व राख्छ । 'एक सय रुपैयाँ कमाउ’ हाम्रो बारेमा प्रदेश २ को बजेट चैत २६ – सबै समुदायको लागि सेयर
176,Sakonii/distilgpt2-nepali,आफ्नो परिवारसँग किशोर ,"आफ्नो परिवारसँग किशोर ावस्था बिताएकी थिइन् । उनी त्यतिबेलादेखि नै स्कुल जान्थिन्, जब उनी स्कुल जान्थिन् र उनले पढ्न थाल्थिन् । तपाईंको रुचि अनुसारको समाचारको लागि खाता खोल्नुहोस् । सरकारले आगामी आर्थिक वर्ष"
177,Sakonii/distilgpt2-nepali,आफ्नो परिवारसँग किशोर ,आफ्नो परिवारसँग किशोर ावस्थामा उनकी प्रेमिकाका साथ विवाह गर्न चाहन्छन् । त्यसैले यौन सम्बन्धका लागि कुनै शारीरिक सम्पर्क नराखिने निर्णय लिएका आमाबाबुले बच्चा वा वृद्धावस्थामा समेत बच्चा हुनु भनेको यौन चाहनामा पर्नु हो । – अहिलेका
178,Sakonii/distilgpt2-nepali,आफ्नो परिवारसँग किशोर ,आफ्नो परिवारसँग किशोर  अवस्थाको यौन शोषणका बारेमा जान्नै पर्ने कुरा गरेका छन् । यौन दुव्र्यवहारका कारण पीडित बालिकाले आफ्ना साथीको यौन शोषणका बारेमा आफ्नो सोच प्रष्ट गर्न नसक्दा पनि यौन दुव्र्यवहार हुने गरेको बताएका छन् । eHimala
179,Sakonii/distilgpt2-nepali,आफ्नो परिवारसँग किशोर ,आफ्नो परिवारसँग किशोर ावस्थामा बिताउने कुरा समेत थाहा पाउन सकिन्छ । एक समय स्कुल तथा कलेजलाई पूर्ण सहयोग दिने सोच बनाएका उनको पहिलो विवाह हो । ‘प्रदेश नं १ खेलकुद हब बन्छ’ -मुख्यमन्त्री राई नेपाल टेलिकमले हाल
180,Sakonii/distilgpt2-nepali,आफ्नो शिक्षकहरूसँग किशोर ,आफ्नो शिक्षकहरूसँग किशोर  अवस्थामा सुधार आएको छ । भिडियो ग्यालरी (५) के तपाइँलाई थाहा छ? राष्ट्रिय खेलकुद परिषद्को आजीवन सदस्य पदमा नियुक्त गर्ने सरकारको निर्णय _ Everest Online News धेरै पढ
181,Sakonii/distilgpt2-nepali,आफ्नो शिक्षकहरूसँग किशोर ,आफ्नो शिक्षकहरूसँग किशोर  व्यवहार गर्छन् र आफूलाई पूर्ण रूपमा विकसित गरे र इस्राएली शासकलाई उनको शिक्षा इस्राएलका परमेश्वरको शासन को राज्य मा प्राप्त गर्ने इच्छा गर्नुभयो. –जीवन भण्डारी (७) आर्थिक तथा सामाजिक विकासको मूल
182,Sakonii/distilgpt2-nepali,आफ्नो शिक्षकहरूसँग किशोर ,"आफ्नो शिक्षकहरूसँग किशोर , युवा, महिला, प्रौढ, वृद्धहरू सबै खालका मानसिक तनाव कम गर्नका लागि सक्षम रहेको बताए । मनोचिकित्सकले सुझाएका यी तथ्यहरूको सहयोगबाट बालबालिकालाई छिट्टै मुक्त गर्न सकिन्छ भन्ने विषयमा एउटा अवधारणा अघि सारेका हुन् ।"
183,Sakonii/distilgpt2-nepali,आफ्नो शिक्षकहरूसँग किशोर ,आफ्नो शिक्षकहरूसँग किशोर -किशोरीहरूलाई उनीहरूको लागि एक उत्प्रेरित गर्नेछ। आज कै यो मन्दिर जहाँ बाट नै हामी सबैसंग भलाकुसारी गरी कैयौ रमायौ _ यो पोष्टलाई शेयर गर्नुहोस् ट्वीटर
184,Sakonii/distilgpt2-nepali,आफ्नो शिक्षकहरूसँग किशोर ,"आफ्नो शिक्षकहरूसँग किशोर  र किशोरीहरूले बिताएको समयको बर्बादी हो । मङपुमा पहिलो पल्ट नेपाली कला संस्कृतिको संरक्षणको लागी आयोजित महोत्सवमा करिब पाँच लाख रुपैंया बराबरको खाना, कपडा र जुत्ताहरु उपलब्ध गराइएको आयोजक खिमकुमारी"
185,Sakonii/distilgpt2-nepali,आफ्नो शिक्षकहरूसँग किशोर ,"आफ्नो शिक्षकहरूसँग किशोर ावस्थादेखि नै शिक्षा र व्यक्तित्व विकासका लागि विभिन्न प्रशिक्षण तथा तालिममा सहकार्य गर्दै आइरहेका थ्ेलका विद्यार्थी थिए । तर, ती तालीममा सहभागी विद्यार्थीलाई नै उनीहरूले नै तालिम दिने गर्दथे । र, उनीहरूले आफ्नै पाठ्यक्रममा प्रशिक्षण दिन्थे"
186,Sakonii/distilgpt2-nepali,आफ्नो शिक्षकहरूसँग किशोर ,आफ्नो शिक्षकहरूसँग किशोर हरूका लागि धेरै लामो र ठूलो समय। हाम्रो बारेमा नेपाली युवा क्रिकेटर सन्दीप लामिछानेले इन्डियन प्रिमियर लिग (आइपीएल)मा दिल्ली डेयर डेभिल्सबाट खेलेका छन् । दिल्ली डेयर डेभिल्सले सन्दीपलाई लगातार दोस्रो
187,Sakonii/distilgpt2-nepali,आफ्नो शिक्षकहरूसँग किशोर ,"आफ्नो शिक्षकहरूसँग किशोर ावस्थामा आफ्ना अभिभावकहरूसँग आफ्नो जीवन बिताएका हुन्छौं । तर उनीहरूले आफूसंग मात्र छ वा छैन, आफूले रोजेको स्कूलमा पनि त्यसरी नै बिताए भन्ने कुरामा हामी ढुक्क छैनौं । © २०१७ सर्वाधिकार सुरक्षित दैनिक"
188,Sakonii/distilgpt2-nepali,आफ्नो शिक्षकहरूसँग किशोर ,"आफ्नो शिक्षकहरूसँग किशोर ावस्थादेखिको उमेरसम्मका कुरा गरेर पनि अध्ययन र मनोरञ्जन लिन सकिन्छ । तर, उनीहरूलाई आफ्नो पढाइका लागि पनि ज्यादै अप्ठेरो पर्छ । यस अर्थमा अभिभावकहरूको मन निकै पराउँछ पनि । नेपाली सिनेमा यो पोष्ट"
189,Sakonii/distilgpt2-nepali,आफ्नो शिक्षकहरूसँग किशोर ,"आफ्नो शिक्षकहरूसँग किशोर –किशोरीहरूको दाँज्नुहोस् वा “ज” गर्नको लागि “सदा”. मलेखु (धादिङ), २३ असार। धादिङ जिल्लाको पर्यटकीय नगरी गुम्दीमा बुधबारबाट"
190,Sakonii/distilgpt2-nepali,आफ्नो शिक्षकहरूसँग किशोर ,"आफ्नो शिक्षकहरूसँग किशोर  अवस्थादेखि नै प्रेमसम्बन्ध रहँदै आएकोमा उनी चिन्ता व्यक्त गर्छन । तर उनको धारणामा त्यस्तो हुँदैन । उनी भन्छन्, ‘तर, म त्यो साथीलाई लिएर कुरा गर्न चाहन्छु । यो त प्रेम विवाहभन्दा पनि बढी कुरा हो । किनभने मैले "
191,Sakonii/distilgpt2-nepali,आफ्नो शिक्षकहरूसँग किशोर ,"आफ्नो शिक्षकहरूसँग किशोर ावस्थाको सुरु भएको थियो। यससँगै उनीहरूको व्यवहारले भविष्य अन्धकारमय हुने र यो अकूत सम्पत्ति नास भएर आउने कुरा पनि थाहा पाउन सकिन्छ। किशोरावस्थामा प्रायः सबै प्रकारका किशोरावस्थाका व्यक्ति, किशोरावस्थामा हुने सबै प्रकारका"
192,Sakonii/distilgpt2-nepali,आफ्नो शिक्षकहरूसँग किशोर ,आफ्नो शिक्षकहरूसँग किशोर ावस्थामा भेट गराइरहनुका साथै अध्ययन पनि नियमित गराउन सकेमा नतिजा हात लाग्दैन । यसको साथै यसले विद्यार्थीको भविष्य सुरक्षित पनि गराउँछ। ० अहिले संविधान संशोधनको कुरा बढी उठेको छ । यस विषयमा कुरा अघि बढ्छ भन्ने कुरा
193,Sakonii/distilgpt2-nepali,आफ्नो शिक्षकहरूसँग किशोर ,"आफ्नो शिक्षकहरूसँग किशोर वयमा प्रतिस्पर्धा गर्दै आइरहेका थिए । पछि उनी यो स्पर्धालाई लिएर आएका थिए, जसको नतिजा एक प्रकारले ज्यादै राम्रो रह्यो । जुन कुरा उनी पहिले नै सम्झन्छन् । उनी अब उनको लागि एक वर्ष समय पनि टिकेन । जसले आज यो"
194,Sakonii/distilgpt2-nepali,आफ्नो शिक्षकहरूसँग किशोर ,"आफ्नो शिक्षकहरूसँग किशोर -किशोरीहरूको बीचमा धेरै ठूलो कुरा खेल्दछ जुन एक पटक म तिनीहरूलाई मनपर्ने केही खेल खेल्दछु. के म चाहन्छु यदि तपाईंले तिनीहरूलाई ध्यान केन्द्रित गर्न आफ्नो खेल खेलका माध्यमबाट रहनुभएको छ भने, मैले ध्यान गरेको छु कि,"
195,Sakonii/distilgpt2-nepali,आफ्नो सहकर्मीहरूसँग  किशोर ,"आफ्नो सहकर्मीहरूसँग  किशोर  किशोरीका बारेमा कुरा गर्दै हुनुहुन्थ्यो । फ्याक्स : ९७७ ०१ ४४२७२१४, यी हुन् बलिउडमा सबैभन्दा धनी हिरोइन Home » आ.व ०७४/७५ को लागि स्वीकृत लक्षित कार्यक्रम अनुसारकाे"
196,Sakonii/distilgpt2-nepali,आफ्नो सहकर्मीहरूसँग  किशोर ,आफ्नो सहकर्मीहरूसँग  किशोर  अवस्थामा समेत अनुभव गराऔं । हाम्रो बारेमा 'निजी क्षेत्र' अन्तर्गत रहेर उनले यो क्षेत्रकै विकासमा आफूले सक्दो पहल गर्ने समेत बताइन् । हाम्रो बारेमा धेरै पढ
197,Sakonii/distilgpt2-nepali,आफ्नो सहकर्मीहरूसँग  किशोर ,"आफ्नो सहकर्मीहरूसँग  किशोर ावस्थामा यौनसम्पर्क नराख्नुहोस । जसले गर्दा पुरुषहरूमा बाँझोपन, तनाव, शारीरिक स्फूर्ति तथा स्फूर्ति बढ्न सुरु हुन्छ । यौनसम्पर्क नराख्दा पुरुषको प्रजनन् स्वास्थ्यमा बाधा, तनाव तथा चिन्ताले धेरै व्यक्तिहरू पिल्सिएका"
198,Sakonii/distilgpt2-nepali,आफ्नो सहकर्मीहरूसँग  किशोर ,आफ्नो सहकर्मीहरूसँग  किशोर ावस्थाकी एक छात्रासँग विवाह गराउन चाहन्थें । तर उनले केटा साथीलाई केटासँग प्रस्ताव गर्न थाले । आफ्नो कुरा लुकाउन उनले केही समयपछि नै ठट्टै कुरा खोले । अनि उनी आफ्ना दुई बहिनीलाई लिएर आए । केटाहरूबीच
199,Sakonii/distilgpt2-nepali,आफ्नो सहकर्मीहरूसँग  किशोर ,"आफ्नो सहकर्मीहरूसँग  किशोर ावस्थामा विवाह गर्न एक राम्रो विकल्प छान्न सक्नुहुन्छ कि एक विशेष गरी तपाईं सधैं प्रेम वा संगत गर्न चाहनुहुन्छ भने, तपाईं पनि तपाईं आफ्नो रुचि अनुसारको केही चीजहरू छन् भने तपाईं आफ्नो विचारमा आधारित हुनुपर्छ कि तपाईंको लागि प्रेम र प्रेम एउटा"
200,Sakonii/distilgpt2-nepali,आफ्नो सहकर्मीहरूसँग  किशोर ,आफ्नो सहकर्मीहरूसँग  किशोर ावस्थामा सेक्स गर भन्ने उनको विचार थियो। हाम्रो बारेमा नेपाल र नेपालीको ब्लग चौतारी हाम्रो बारेमा यस IP को बारेमा वार्तालाप गर्ने म र मेरा शब्दहरु सम्बन्धित समाचारहरु
201,Sakonii/distilgpt2-nepali,आफ्नो सहकर्मीहरूसँग  किशोर ,"आफ्नो सहकर्मीहरूसँग  किशोर ावसँग यौनसम्पर्क राखे । उनले आफ्ना सहकर्मीहरूसँग यौन सम्पर्क गर्न थाले । तर यस विषयमा कुरा गर्दा एउटा निचोड निस्कियो -""म त यो काममा धेरै नै खुशी छु।"" प्रधानमन्त्री ओलीको विकल्प"
202,Sakonii/distilgpt2-nepali,आफ्नो सहकर्मीहरूसँग  किशोर ,"आफ्नो सहकर्मीहरूसँग  किशोर ावस्थामा घुलमिल हुँदै गएको अनुभव गरेकी छिन् । उनको अनुभवमा किशोरावस्थाको सबैभन्दा उमेरसम्म विवाह गरेकी छन् । उनको एक साथी पनि यही थियो । नेपाल प्रहरीका २२ एआईजीको सरुवा, २२ एआईजीमा खनालको दरबन्दी १४ "
203,Sakonii/distilgpt2-nepali,आफ्नो सहकर्मीहरूसँग  किशोर ,आफ्नो सहकर्मीहरूसँग  किशोर वयमा उनको बारेमा कुरा गर्ने गर्दथे । किशोरवयमा वयस्क हुँदा उनले किशोरीवयमा राम्रो हुनका लागि प्रयास गर्दथे र उनका साथीहरू बाहिरका आफ्ना साथीहरूसँग छलफल गर्दथे । धेरै जसो किशोरीहरू आफ्नो साथीसँग कुरा
204,Sakonii/distilgpt2-nepali,आफ्नो सहकर्मीहरूसँग  किशोर ,"आफ्नो सहकर्मीहरूसँग  किशोर ावस्थामा सम्बन्ध बनाउन मदत गर्न सकिन्छ। एक पटक तपाईं एक अर्कासँग साथी वा आमाबाबुसँग रोमान्टिक कुराकानी को अनुभव गर्नुपर्छ, तर तपाईं एक अपरिचित हुन सक्छ भनेर थाहा छैन! तपाईं साथीसँग केहि विशेष गरि केही साथीहरू संग आफ्नो जोडी "
205,Sakonii/distilgpt2-nepali,आफ्नो सहकर्मीहरूसँग  किशोर ,आफ्नो सहकर्मीहरूसँग  किशोर ावस्थामा सेक्सको रुचि रहेको खुलासा गरेका छन् । साथै उनले एक पोर्न स्टारका नजिकका मानिस र उनीहरूका प्रेमी/प्रेमिकाहरूबीचको सम्बन्धलाई पनि केही परिवर्तन गर्न चाहन्छन् । पोर्न स्टारका लागि सेक्स सबैभन्दा महत्त्वपूर्ण कुरा हो । यो
206,Sakonii/distilgpt2-nepali,आफ्नो सहकर्मीहरूसँग  किशोर ,"आफ्नो सहकर्मीहरूसँग  किशोर ावस्थामा रहेको छ र किशोरावस्थाहरूमा आफ्नो उमेर अनुसार एक वाल्यकाशको भूमिका खेल्ने गर्दछ । उनीहरू किशोरावस्थामा प्रवेश गर्दै छन्, वयस्क समयमा उनीहरूको यौनाङ्गको लम्बाई ज्यादै कमजोर हुन्छन् जब किशोरावस्थामा उमेरको भिन्नता"
207,Sakonii/distilgpt2-nepali,आफ्नो सहकर्मीहरूसँग  किशोर ,आफ्नो सहकर्मीहरूसँग  किशोर ावस्थामा प्रवेश गर्नुले उसको शरीर र व्यक्तित्वलाई कसरी सकारात्मक प्रभाव पार्छ भन्ने देखाउँछ । त्यो देखेर अरू त के थाहा पाउन सक्छौं तर त्योचाहिँ सही हुन्छ । वास्तवमा किशोरावस्थामा पनि किशोरावस्थामा किशोरावस्थामा कुनै परिवर्तन आईसकेको
208,Sakonii/distilgpt2-nepali,आफ्नो सहकर्मीहरूसँग  किशोर ,"आफ्नो सहकर्मीहरूसँग  किशोर हरूमाथि कुनै प्रश्न उठ्नु हुँदैन भन्ने तथ्यलाई राम्ररी प्रमाणित गरेका छन् । यो कुरालाई स्पष्ट गर्नु पर्थ्यो कि के हो भने, यी सबै प्रश्न उत्तरका लागि केही समय लाग्छ तर उनीहरूले उत्तरका लागि भने उत्तरको प्रयास गर्दैनन् र उनीहरूलाई"
209,Sakonii/distilgpt2-nepali,आफ्नो सहकर्मीहरूसँग  किशोर ,"आफ्नो सहकर्मीहरूसँग  किशोर ावस्थाबारे छलफल गर्नुपर्ने आवश्यकता थियो र उनीहरूले एक समयका लागि राम्रो काम गर्छन् भने उनीहरूलाई उनीहरूको व्यवहारले कुनै पनि असर पार्न सक्दैन। काठमाडौँ, २३ साउन । नेपाल कम्युनिष्ट पार्टीको पहिलो केन्द्रीय कमिटी बैठकमा अध्यक्षद्वय केपी ओली र पुष्पकमल दाहाल ‘प्रचण्ड’"
210,Sakonii/distilgpt2-nepali,आफ्नो रोमान्टिक पार्टनरसँग किशोर ,आफ्नो रोमान्टिक पार्टनरसँग किशोर  किशोरीको यौन सम्बन्धबारे कुरा गर्न मन लाग्यो । एक जना युवतीसँग... अब नयाँ शैक्षिक सत्रमा शैक्षिक सत्रदेखि विद्यालय बाहिर रहेका सम्पूर्ण बालबालिकालाई विद्यालयमा ल्याउने ः मन्त्री पोखरेल - Dainik Nepal ‘
211,Sakonii/distilgpt2-nepali,आफ्नो रोमान्टिक पार्टनरसँग किशोर ,आफ्नो रोमान्टिक पार्टनरसँग किशोर ावस्थामा यस्तो व्यवहार गर्ने गर्दछन् । उनीहरुले यी किशोरलाई यस्तो व्यवहार गर्दै आएका हुन सक्छन् । एजेन्सी । कुनै पनि महिलाले कुनै कामका लागि महिलालाई सहयोग गर्नु निकै आवश्यक हुन्छ । यस्ता महिलामा गरिने एक अध्ययनले के तपाईंलाई सेक्स
212,Sakonii/distilgpt2-nepali,आफ्नो रोमान्टिक पार्टनरसँग किशोर ,आफ्नो रोमान्टिक पार्टनरसँग किशोर  भावनाहरु छन् । आसन्न स्थानीय निर्वाचनमा नयाँ शक्तिको नाम आउने तर यो विषयमा छलफल गर्न बोलाइएको सचिवालय बैठकमा सहमति जुट्न नसकेपछि थप छलफल गरी टुंगो लाग्ने जनाइएको छ। सूचना प्रविधि हाम्रो
213,Sakonii/distilgpt2-nepali,आफ्नो रोमान्टिक पार्टनरसँग किशोर ,आफ्नो रोमान्टिक पार्टनरसँग किशोर ावस्थामा आफ्नो पार्टनरको प्रेम सम्बन्ध प्रगाढ हुनेछ । कुनै जोडीसँग केही समयपछि नै रोमान्टिक कुरा झनै रोमान्टिक बन्न सक्छ र रोमान्टिक भावना पनि बलियो रहन्छ । प्रतिकृया दिनुहोस् यो वेबसाइट कान्तिपुर राष्ट्रिय दैनिकको आधिकारिक न्युज पोर्टल
214,Sakonii/distilgpt2-nepali,आफ्नो रोमान्टिक पार्टनरसँग किशोर ,"आफ्नो रोमान्टिक पार्टनरसँग किशोर वयडमा नै बिताउने निर्णय गर्दछ सम्बन्धित शीर्षकहरु ‘भैरे’ घोषणा, दयाहाङको जोडी सुरक्षा कि वर्षा? यी १६ स्थानमा नेपाल र चीनको प्रतिस्पर्धा, कुनको सम्भावना र चुनौति"
215,Sakonii/distilgpt2-nepali,आफ्नो रोमान्टिक पार्टनरसँग किशोर ,आफ्नो रोमान्टिक पार्टनरसँग किशोर -किशोरीले गर्ने संघर्षबारे जानकारी दिन्छन् । यौन मनोविज्ञानमा सुधारको लागि रोमान्टिक पार्टनरसँग यौन सम्बन्ध राख्ने जोडीहरुबीचको यौन चाहना बलियो र बढी हुने बताउँछन् । नेपाली सेनाले आज विहान आयोजना गरेको तालिममा दुई हजार
216,Sakonii/distilgpt2-nepali,आफ्नो रोमान्टिक पार्टनरसँग किशोर ,आफ्नो रोमान्टिक पार्टनरसँग किशोर ावस्थामा यौन सम्पर्क गर्नु पर्छ त? यस्तो बेला यौन सम्पर्क गर्नु राम्रो हुँदैन । न कि त सम्भोगपछि पनि यौन सम्पर्क गर्नुपर्छ । यौन सम्पर्क राख्दा गर्भ नरहनुमा आफ्नो यौन साथीलाई सन्तुष्ट पार्न निकै सरल र सजिलो पर्ने
217,Sakonii/distilgpt2-nepali,आफ्नो रोमान्टिक पार्टनरसँग किशोर ,"आफ्नो रोमान्टिक पार्टनरसँग किशोर ावस्थामा एक केटी छ र सँगै साथी पाउन चाहान्छु, र उसलाई आफ्नो पार्टनरले आफ्नो यौन साथीलाई जस्तै साथी पाउन चाहन्छिन्। विज्ञापनका लागि सूचना प्रविधि काठमाडौं, २६"
218,Sakonii/distilgpt2-nepali,आफ्नो रोमान्टिक पार्टनरसँग किशोर ,आफ्नो रोमान्टिक पार्टनरसँग किशोर ावस्थामा आफ्नो पार्टनरप्रति विश्वस्त रहन चाहने होडवाजी गरेकी छिन् । प्रतिक्रिया दिनुहोस् काठमाडौँ / प्रधानमन्त्री एवम् नेपाल कम्युनिष्ट पार्टी (नेकपा) का अध्यक्ष केपी शर्मा ओलीलाई आज बिहान नौ बजे माइतीघर मण्डलामा
219,Sakonii/distilgpt2-nepali,आफ्नो रोमान्टिक पार्टनरसँग किशोर ,आफ्नो रोमान्टिक पार्टनरसँग किशोर ावस्थामा प्रेम गर्ने वा यौनसम्पर्क गर्ने इच्छा पूरा भइसकेपछि यौनसम्पर्क गर्दा शीघ्र पतन हुन्छ । योनीमा लिंग योनीको बाहिरपट्टि हुन्छ र योनीको भित्री भागमा एक किसिमले भए जस्तै देखिन्छ । ’भोलि (
220,Sakonii/distilgpt2-nepali,आफ्नो रोमान्टिक पार्टनरसँग किशोर ,आफ्नो रोमान्टिक पार्टनरसँग किशोर ावस्थामा यौनसम्पर्कको चाहना व्यक्त गर्छन्। यो सम्बन्ध राम्रो हुनुको साथै यसमा हुने अधिक चिल्लोपना एवं अधिक चिल्लो पदार्थ पनि सामेल हुन्छन्। यदि यौन सन्तुष्टीमा बढी समय बिताउने हो भने यसमा धेरै मात्रामा नधुमचिनीपन पनि
221,Sakonii/distilgpt2-nepali,आफ्नो रोमान्टिक पार्टनरसँग किशोर ,आफ्नो रोमान्टिक पार्टनरसँग किशोर ावस्थाका बारेमा छलफल हुने गरेको छ । यस्तै किशोरावस्थामा आफ्नो जीवनसाथीसँग यौनसम्पर्क राख्ने र केटासाथीसँग मनको कुरा गर्ने जस्ता कारणले यो जोडी निकै लोकप्रिय भएको बताइन्छ । यसमध्ये धेरैलाई आकर्षित गर्न यो जोडीले एउटा नयाँ
222,Sakonii/distilgpt2-nepali,आफ्नो रोमान्टिक पार्टनरसँग किशोर ,आफ्नो रोमान्टिक पार्टनरसँग किशोर ावस्थामा ब्रेकअपसम्म सेक्स गर्न चाहन्छन् । यस्तोमा जवान पुरुषको तुलनामा सेक्स पावर कम महसुस हुन्छ । भिडियो ब्लग(4) मेरो जिन्दगीको कथा ‘खेला
223,Sakonii/distilgpt2-nepali,आफ्नो रोमान्टिक पार्टनरसँग किशोर ,आफ्नो रोमान्टिक पार्टनरसँग किशोर ावस्थामा कस्तो परिवर्तन गर्नुहुन्छ भनेर बुझ्न सकिन्छ। त्यसैले त उनीहरु सुन्दर र निन्दनिय हुन्छन्। काठमाडौं महानगरपालिका वडा नं ७ को मतगणनाको अपडेट सार्वजनिक काठमाडौँ । नेपाल चिकित्सक संघले देशभरका ७७ वटै जिल्लामा आकस्मिक बाहेकका
224,Sakonii/distilgpt2-nepali,आफ्नो रोमान्टिक पार्टनरसँग किशोर ,"आफ्नो रोमान्टिक पार्टनरसँग किशोर लाई रोमान्टिक मुडमा राख्ने हो भने कुनै पनि कुरा शारीरिक सम्बन्धलाई सुमधुर बनाउँछ । यसबाट रोमान्टिक मुड र उत्तेजना पैदा हुन्छ । यो गेमले तपाइँको प्रेममा धोका हुने सम्भावना हुन्छ । काठमाडौँ, २३ कात्तिक । नेपाल कम्युनिस्ट पार्टी"
