Word 1,Word 2,Word 3,Word 4,Word 5,Word 6,Word 7,Word 8,Word 9,Word 10
Feelings,Curiosity,Entertainment,Attraction ,Self Confidence,Pressure,,Attitude,Stress,Addiction
Hardworking,Dedicated,Honest,Playful,Entertainment,Cool,Curious,Emotional,Attractive,Self Confidence
Playful,Shy,Curious,Brave,Fearful,Excited,Pressure,Good,Angry,Childhood
Angry,Shy,Playful,Attractive,Lovable,Naughty,Fake,Fearless,Good,
Playful,Imaginative,Entertainment,Curious,Energetic,Friendly,Emotional,Pressure,Intellectual,Attractive
Responsible,Good,Shy,Fake,Stubborn,Playful,belligerent,Stress,Fear,Love
Fake,Hoggish,Beautiful,Eldest,Play,Eats,Sleeping,Disagreeable,Lover,Hyperactive
Fake,Drama Queen,Hoggish,belligerent,Shy,Greedy,Stubborn ,Hardworking,Playful,Good
Belligerent,Shy,Fake,Drama Queen,Hoggish,Sleepy,Nomadic,Kumbhakarna,Gossip,Stubborn
Drama Queen,Hoggish,Greedy,Sleepy,Injustice,Beautiful,Gossip,Shy,Hardworking,Quarrelsome
Strong,Curiosity,Intelligent,Playful,Youth,Growing Bodies,Nation's Pride,Brave,Thinker,
Craziness,Emotion ,Happy,Angryness,Innocent,Attitude,Greedy,Discipline,Shy,Hardworking
Angry,belligerent,Lover,haughty,Greedy,Beautiful ,Handsome,Hardworking,Shy,Fake
Emotional,Solitary,Curious,Stress,Worried about future,Playful,Independent Thinker,Intellectual,Cursed,Friendly
Energetic,Creative,Intelligent,Immaturity,Unruly,Ignorant,Intellectual,Independent Thinker ,Playful ,Imaginative
Young,,Obedient,Playful,Unruly,Intelligent,Energetic,Creative,Friendly,
Emotional,Curious,Playful,Generous,Solitary,Stress,Fake,Belligerent,Stubborn,Self Confidence
Freedom,Curious,Excited,Addiction,Entertainment,Energetic,Stress,Attracted,Feelings,Suicidal